"","Estado","fecha","hosp_gral","cama_venti","venti_uci"
"1","Aguascalientes",2021-06-01,8.58,11.83,24.52
"2","Baja California",2021-06-01,17.99,17.39,13.33
"3","Baja California Sur",2021-06-01,29.14,21.78,0
"4","Campeche",2021-06-01,2.46,5.66,3.57
"5","Chiapas",2021-06-01,3.48,4.45,6.34
"6","Chihuahua",2021-06-01,18.01,17.11,14.11
"7","Ciudad de México",2021-06-01,17.34,18.68,17.95
"8","Coahuila de Zaragoza",2021-06-01,10.03,9.45,37.5
"9","Colima",2021-06-01,14.75,20.58,5.55
"10","Durango",2021-06-01,22.47,14.58,19.29
"11","Guanajuato",2021-06-01,3.49,2,3.57
"12","Guerrero",2021-06-01,10.93,6.14,3.37
"13","Hidalgo",2021-06-01,10.9,8.87,5.71
"14","Jalisco",2021-06-01,11.51,8.48,16.76
"15","México",2021-06-01,13.19,10.52,34.75
"16","Michoacán de Ocampo",2021-06-01,12.61,12.8,14.28
"17","Morelos",2021-06-01,10.55,9.57,0
"18","Nayarit",2021-06-01,23.42,2.53,0
"19","Nuevo León",2021-06-01,21.92,19.49,31.39
"20","Oaxaca",2021-06-01,13.86,13.75,27.86
"21","Puebla",2021-06-01,10.22,12.04,14.75
"22","Querétaro",2021-06-01,6.12,8.17,58.33
"23","Quintana Roo",2021-06-01,31.67,20.26,34.78
"24","San Luis Potosí",2021-06-01,4.85,6.37,13.79
"25","Sinaloa",2021-06-01,12.65,13.2,18.98
"26","Sonora",2021-06-01,22.57,11.11,27.9
"27","Tabasco",2021-06-01,21.72,29.09,30.5
"28","Tamaulipas",2021-06-01,22.69,13.7,28.4
"29","Tlaxcala",2021-06-01,9.55,10.18,0
"30","Veracruz de Ignacio de La Llave",2021-06-01,13.33,8.18,21.1
"31","Yucatán",2021-06-01,16.07,23.88,71.42
"32","Zacatecas",2021-06-01,10,8.48,40
"33","Aguascalientes",2021-06-02,9.75,10.71,24.52
"34","Baja California",2021-06-02,17.53,19.04,24
"35","Baja California Sur",2021-06-02,25.84,20.76,0
"36","Campeche",2021-06-02,4.69,14.47,19.04
"37","Chiapas",2021-06-02,3.64,4.39,7.93
"38","Chihuahua",2021-06-02,16.84,19.04,11.76
"39","Ciudad de México",2021-06-02,16,13.71,15.75
"40","Coahuila de Zaragoza",2021-06-02,9.84,8.49,37.5
"41","Colima",2021-06-02,15.7,20.28,0
"42","Durango",2021-06-02,21.34,15.95,23.21
"43","Guanajuato",2021-06-02,4.25,1.75,5.35
"44","Guerrero",2021-06-02,12.03,5.72,3.37
"45","Hidalgo",2021-06-02,10.87,8.87,2.94
"46","Jalisco",2021-06-02,11.12,8.63,15.6
"47","México",2021-06-02,12.51,9.78,36.27
"48","Michoacán de Ocampo",2021-06-02,11.4,12.03,18.75
"49","Morelos",2021-06-02,9.13,4.03,0
"50","Nayarit",2021-06-02,19.81,5.06,0
"51","Nuevo León",2021-06-02,21.54,18.32,29.62
"52","Oaxaca",2021-06-02,12.27,12.5,26.66
"53","Puebla",2021-06-02,11.03,13.56,20.48
"54","Querétaro",2021-06-02,7.97,7.66,54.54
"55","Quintana Roo",2021-06-02,32.39,19.26,36.61
"56","San Luis Potosí",2021-06-02,3.98,4.92,10.71
"57","Sinaloa",2021-06-02,14.79,11.83,16.39
"58","Sonora",2021-06-02,20.66,11.38,26.53
"59","Tabasco",2021-06-02,21.89,29.44,30.26
"60","Tamaulipas",2021-06-02,22.88,14.05,28.26
"61","Tlaxcala",2021-06-02,8.97,11.11,0
"62","Veracruz de Ignacio de La Llave",2021-06-02,13.54,8.25,16.03
"63","Yucatán",2021-06-02,15.69,25,72.72
"64","Zacatecas",2021-06-02,10.06,6.62,30
"65","Aguascalientes",2021-06-03,12.65,10.3,24.52
"66","Baja California",2021-06-03,13.66,18.43,11.11
"67","Baja California Sur",2021-06-03,30.45,22.04,0
"68","Campeche",2021-06-03,4.98,8.1,12.5
"69","Chiapas",2021-06-03,3.92,4.74,9.52
"70","Chihuahua",2021-06-03,16.59,16.4,12.04
"71","Ciudad de México",2021-06-03,16.21,18.2,17.84
"72","Coahuila de Zaragoza",2021-06-03,9.09,9.27,37.5
"73","Colima",2021-06-03,13.09,20,0
"74","Durango",2021-06-03,21.59,12.9,24.56
"75","Guanajuato",2021-06-03,4.14,1.93,5.35
"76","Guerrero",2021-06-03,10.61,7.27,4.7
"77","Hidalgo",2021-06-03,11.64,9.14,3.33
"78","Jalisco",2021-06-03,11.18,8.31,15.02
"79","México",2021-06-03,11.73,9.2,28.33
"80","Michoacán de Ocampo",2021-06-03,10.7,10.63,18.75
"81","Morelos",2021-06-03,8.68,5.12,0
"82","Nayarit",2021-06-03,19.09,10,0
"83","Nuevo León",2021-06-03,22,18.76,32.91
"84","Oaxaca",2021-06-03,12,11.37,27.27
"85","Puebla",2021-06-03,10.71,13.24,17.5
"86","Querétaro",2021-06-03,5.89,6.61,54.54
"87","Quintana Roo",2021-06-03,31.94,17.44,33.33
"88","San Luis Potosí",2021-06-03,4.23,4.71,7.81
"89","Sinaloa",2021-06-03,15.4,12.21,17.07
"90","Sonora",2021-06-03,20.06,10.21,20
"91","Tabasco",2021-06-03,21.78,28.91,30.5
"92","Tamaulipas",2021-06-03,23.38,15.62,26.88
"93","Tlaxcala",2021-06-03,8.86,10.18,0
"94","Veracruz de Ignacio de La Llave",2021-06-03,13.13,6.99,15.38
"95","Yucatán",2021-06-03,16.19,28.07,72.72
"96","Zacatecas",2021-06-03,8.21,6.13,27.77
"97","Aguascalientes",2021-06-04,12.65,11.58,24.52
"98","Baja California",2021-06-04,17.06,17.94,11.36
"99","Baja California Sur",2021-06-04,32.18,20.85,0
"100","Campeche",2021-06-04,5.8,11.6,15.62
"101","Chiapas",2021-06-04,3.87,3.75,9.52
"102","Chihuahua",2021-06-04,14,16.39,15.71
"103","Ciudad de México",2021-06-04,14.65,12.51,13.85
"104","Coahuila de Zaragoza",2021-06-04,9.09,7.28,37.5
"105","Colima",2021-06-04,16.94,15.27,0
"106","Durango",2021-06-04,21.17,9.41,17.39
"107","Guanajuato",2021-06-04,4.18,1.88,8
"108","Guerrero",2021-06-04,10.95,6.57,4.44
"109","Hidalgo",2021-06-04,12.13,6.83,3.33
"110","Jalisco",2021-06-04,10.69,8.14,12.71
"111","México",2021-06-04,11.97,8.16,28.16
"112","Michoacán de Ocampo",2021-06-04,8.4,10.87,18.75
"113","Morelos",2021-06-04,9.06,4.06,0
"114","Nayarit",2021-06-04,20.18,13.58,0
"115","Nuevo León",2021-06-04,21.35,18.33,29.78
"116","Oaxaca",2021-06-04,12.86,11.24,25.75
"117","Puebla",2021-06-04,10.96,11.53,17.5
"118","Querétaro",2021-06-04,5.63,5.81,45.45
"119","Quintana Roo",2021-06-04,30.5,19.66,33.33
"120","San Luis Potosí",2021-06-04,3.97,4.12,7.54
"121","Sinaloa",2021-06-04,16.99,11.58,16.21
"122","Sonora",2021-06-04,17.64,12.28,21.05
"123","Tabasco",2021-06-04,27.36,26.5,32.25
"124","Tamaulipas",2021-06-04,23.82,18.33,40.54
"125","Tlaxcala",2021-06-04,5.76,10.28,0
"126","Veracruz de Ignacio de La Llave",2021-06-04,12.91,7.18,13.59
"127","Yucatán",2021-06-04,15.98,30.45,73.91
"128","Zacatecas",2021-06-04,12.82,6.01,22.22
"129","Aguascalientes",2021-06-05,11.83,10.69,24.52
"130","Baja California",2021-06-05,12.73,15.82,11.62
"131","Baja California Sur",2021-06-05,31.31,22.34,0
"132","Campeche",2021-06-05,5.85,9.9,18.18
"133","Chiapas",2021-06-05,3.87,3.76,9.52
"134","Chihuahua",2021-06-05,12.34,14.06,13.41
"135","Ciudad de México",2021-06-05,12.59,9.29,8.5
"136","Coahuila de Zaragoza",2021-06-05,11.9,9.48,66.66
"137","Colima",2021-06-05,14.63,23.07,0
"138","Durango",2021-06-05,26.19,9.27,20
"139","Guanajuato",2021-06-05,4.12,1.58,5.55
"140","Guerrero",2021-06-05,8.13,7.54,7.89
"141","Hidalgo",2021-06-05,14.03,5.69,0
"142","Jalisco",2021-06-05,11.55,9.01,11.68
"143","México",2021-06-05,7.89,9.5,18.75
"144","Michoacán de Ocampo",2021-06-05,9.47,5.49,0
"145","Morelos",2021-06-05,11.38,8.14,26.42
"146","Nayarit",2021-06-05,23.27,16,0
"147","Nuevo León",2021-06-05,24.5,20.24,30.15
"148","Oaxaca",2021-06-05,12.73,5.17,14
"149","Puebla",2021-06-05,11,12.29,19.27
"150","Querétaro",2021-06-05,6.48,5.76,45.45
"151","Quintana Roo",2021-06-05,32.84,18.72,44
"152","San Luis Potosí",2021-06-05,3.79,3.73,10.76
"153","Sinaloa",2021-06-05,14.19,12.9,20.54
"154","Sonora",2021-06-05,18.3,14.37,22.22
"155","Tabasco",2021-06-05,29.68,31.62,34.88
"156","Tamaulipas",2021-06-05,21.53,19.82,38.35
"157","Tlaxcala",2021-06-05,6.32,7.54,0
"158","Veracruz de Ignacio de La Llave",2021-06-05,13.63,7.73,16.51
"159","Yucatán",2021-06-05,16.36,34.88,76
"160","Zacatecas",2021-06-05,6.83,6.76,27.77
"161","Aguascalientes",2021-06-06,11.56,9.31,24.52
"162","Baja California",2021-06-06,15.19,17.77,10.41
"163","Baja California Sur",2021-06-06,33.91,23.07,0
"164","Campeche",2021-06-06,5.05,10.81,15.62
"165","Chiapas",2021-06-06,3.89,4.08,7.93
"166","Chihuahua",2021-06-06,13.3,13.82,14.1
"167","Ciudad de México",2021-06-06,12.33,8.88,8.98
"168","Coahuila de Zaragoza",2021-06-06,12.06,11.3,100
"169","Colima",2021-06-06,8.13,17.39,0
"170","Durango",2021-06-06,25.88,8.24,19.64
"171","Guanajuato",2021-06-06,4.21,1.2,5.35
"172","Guerrero",2021-06-06,10.52,8.58,7.89
"173","Hidalgo",2021-06-06,15.2,6.91,0
"174","Jalisco",2021-06-06,11.32,8.61,13.21
"175","México",2021-06-06,8.54,9.01,12.5
"176","Michoacán de Ocampo",2021-06-06,8.2,3.22,0
"177","Morelos",2021-06-06,11.7,7.89,26.42
"178","Nayarit",2021-06-06,24.13,14.66,0
"179","Nuevo León",2021-06-06,24.22,22.06,32.92
"180","Oaxaca",2021-06-06,13.76,10.69,23.43
"181","Puebla",2021-06-06,12.48,11.47,19.27
"182","Querétaro",2021-06-06,6.46,6.51,50
"183","Quintana Roo",2021-06-06,32.55,17.13,33.33
"184","San Luis Potosí",2021-06-06,3.42,4.95,11.11
"185","Sinaloa",2021-06-06,15.25,13.33,22.22
"186","Sonora",2021-06-06,15.85,13.63,22.5
"187","Tabasco",2021-06-06,27.55,24.58,36.66
"188","Tamaulipas",2021-06-06,19.34,17.24,31.25
"189","Tlaxcala",2021-06-06,5.69,9.34,0
"190","Veracruz de Ignacio de La Llave",2021-06-06,16.1,6.7,15.78
"191","Yucatán",2021-06-06,16.83,32.78,73.91
"192","Zacatecas",2021-06-06,10.74,5.18,25
"193","Aguascalientes",2021-06-07,12.13,9.43,24.52
"194","Baja California",2021-06-07,16.66,15.87,14.28
"195","Baja California Sur",2021-06-07,32.02,22.09,0
"196","Campeche",2021-06-07,5.85,9.25,12.5
"197","Chiapas",2021-06-07,3.65,4.71,9.52
"198","Chihuahua",2021-06-07,15.65,11.65,13.33
"199","Ciudad de México",2021-06-07,14.46,11.22,11.52
"200","Coahuila de Zaragoza",2021-06-07,12.13,9.83,50
"201","Colima",2021-06-07,15.45,15.71,5.55
"202","Durango",2021-06-07,25,8.69,19.64
"203","Guanajuato",2021-06-07,4.03,1.18,5.35
"204","Guerrero",2021-06-07,11.01,8.49,7.77
"205","Hidalgo",2021-06-07,14.47,6.17,0
"206","Jalisco",2021-06-07,12.81,7.35,12.2
"207","México",2021-06-07,8.34,9.27,12.5
"208","Michoacán de Ocampo",2021-06-07,8.42,4.83,0
"209","Morelos",2021-06-07,10.75,8.3,25
"210","Nayarit",2021-06-07,19.81,15,0
"211","Nuevo León",2021-06-07,23.3,19.62,32.53
"212","Oaxaca",2021-06-07,16.66,9.2,21.21
"213","Puebla",2021-06-07,13.77,11.4,19.76
"214","Querétaro",2021-06-07,6.91,6.64,50
"215","Quintana Roo",2021-06-07,34.57,16.46,34.78
"216","San Luis Potosí",2021-06-07,3.79,4.06,7.4
"217","Sinaloa",2021-06-07,14.87,13.91,26.41
"218","Sonora",2021-06-07,14.72,12.07,20.4
"219","Tabasco",2021-06-07,25.7,32.24,33.33
"220","Tamaulipas",2021-06-07,21.29,17.69,30.76
"221","Tlaxcala",2021-06-07,6.04,8.49,0
"222","Veracruz de Ignacio de La Llave",2021-06-07,14.28,9.09,17.27
"223","Yucatán",2021-06-07,17.44,37.72,76.92
"224","Zacatecas",2021-06-07,7.69,6.1,33.33
"225","Aguascalientes",2021-06-08,13.21,10.62,20.75
"226","Baja California",2021-06-08,13.07,21.1,10
"227","Baja California Sur",2021-06-08,33.9,24.59,0
"228","Campeche",2021-06-08,6.68,9.17,12.5
"229","Chiapas",2021-06-08,4.22,5.42,7.93
"230","Chihuahua",2021-06-08,15.85,13.79,17.74
"231","Ciudad de México",2021-06-08,15.2,11.13,12.55
"232","Coahuila de Zaragoza",2021-06-08,10,7.43,37.5
"233","Colima",2021-06-08,17.64,16.66,5.55
"234","Durango",2021-06-08,22.22,10.84,16.66
"235","Guanajuato",2021-06-08,4.79,1.46,6.25
"236","Guerrero",2021-06-08,11.67,8.55,10
"237","Hidalgo",2021-06-08,16.71,5.06,0
"238","Jalisco",2021-06-08,12.41,6.29,11.79
"239","México",2021-06-08,8.59,10.37,12.5
"240","Michoacán de Ocampo",2021-06-08,7.76,4.87,0
"241","Morelos",2021-06-08,10.62,7.51,23.02
"242","Nayarit",2021-06-08,23.36,16.66,0
"243","Nuevo León",2021-06-08,17.53,13.98,21.28
"244","Oaxaca",2021-06-08,13.16,7.5,14.06
"245","Puebla",2021-06-08,10.64,10.22,16.66
"246","Querétaro",2021-06-08,6.18,6.56,50
"247","Quintana Roo",2021-06-08,35.73,17.07,33.82
"248","San Luis Potosí",2021-06-08,5.39,3.6,5.55
"249","Sinaloa",2021-06-08,17.11,14,25.67
"250","Sonora",2021-06-08,19.55,15.02,28.57
"251","Tabasco",2021-06-08,21.21,35.4,36.66
"252","Tamaulipas",2021-06-08,22.79,16.07,26.5
"253","Tlaxcala",2021-06-08,4.82,7.27,0
"254","Veracruz de Ignacio de La Llave",2021-06-08,15.84,9.55,16.66
"255","Yucatán",2021-06-08,19.43,41.5,77.77
"256","Zacatecas",2021-06-08,8.19,5.97,30
"257","Aguascalientes",2021-06-09,12.06,9.93,19.23
"258","Baja California",2021-06-09,15.86,15.77,11.62
"259","Baja California Sur",2021-06-09,34.13,28.04,0
"260","Campeche",2021-06-09,7.79,10.81,15.15
"261","Chiapas",2021-06-09,3.89,6.44,7.93
"262","Chihuahua",2021-06-09,15.19,10.05,11.11
"263","Ciudad de México",2021-06-09,17.24,11.72,13.36
"264","Coahuila de Zaragoza",2021-06-09,10.57,5.97,12
"265","Colima",2021-06-09,17.94,17.8,5.55
"266","Durango",2021-06-09,30.23,10,23.4
"267","Guanajuato",2021-06-09,4.15,1.5,7.27
"268","Guerrero",2021-06-09,11.22,8.07,7.77
"269","Hidalgo",2021-06-09,15.1,6.12,9.09
"270","Jalisco",2021-06-09,12.18,7.09,12.62
"271","México",2021-06-09,8.28,11.02,12.5
"272","Michoacán de Ocampo",2021-06-09,7.31,4,0
"273","Morelos",2021-06-09,10.7,8.01,25.71
"274","Nayarit",2021-06-09,18.26,15.58,0
"275","Nuevo León",2021-06-09,25.16,20.26,36.52
"276","Oaxaca",2021-06-09,16.66,6.49,12.9
"277","Puebla",2021-06-09,10.89,9.67,12.65
"278","Querétaro",2021-06-09,4.53,6.61,50
"279","Quintana Roo",2021-06-09,34.97,19.1,32.83
"280","San Luis Potosí",2021-06-09,3.23,4.02,7.27
"281","Sinaloa",2021-06-09,16.58,14.16,27.53
"282","Sonora",2021-06-09,19.57,12.29,27.27
"283","Tabasco",2021-06-09,25.62,35.6,33.76
"284","Tamaulipas",2021-06-09,28.31,15.56,26.5
"285","Tlaxcala",2021-06-09,5.29,7.54,0
"286","Veracruz de Ignacio de La Llave",2021-06-09,17.72,8.21,17.75
"287","Yucatán",2021-06-09,18.95,44.78,75
"288","Zacatecas",2021-06-09,4.95,6.66,30
"289","Aguascalientes",2021-06-10,13.48,8.91,19.23
"290","Baja California",2021-06-10,13.2,15.8,4.65
"291","Baja California Sur",2021-06-10,36.47,28.49,0
"292","Campeche",2021-06-10,6.82,7.4,12.5
"293","Chiapas",2021-06-10,3.87,6.41,7.93
"294","Chihuahua",2021-06-10,14.31,11.82,10
"295","Ciudad de México",2021-06-10,15.52,13.07,12.25
"296","Coahuila de Zaragoza",2021-06-10,11.11,5.83,8
"297","Colima",2021-06-10,13.79,18.91,5.55
"298","Durango",2021-06-10,29.41,8.86,25
"299","Guanajuato",2021-06-10,3.74,1.05,1.78
"300","Guerrero",2021-06-10,9.89,10.24,10
"301","Hidalgo",2021-06-10,12.73,6.57,0
"302","Jalisco",2021-06-10,13.5,6.13,10.84
"303","México",2021-06-10,9.17,10.48,12.5
"304","Michoacán de Ocampo",2021-06-10,6.56,5.26,0
"305","Morelos",2021-06-10,12.71,9.03,27.13
"306","Nayarit",2021-06-10,18.01,14.47,0
"307","Nuevo León",2021-06-10,24.79,19.96,35.86
"308","Oaxaca",2021-06-10,14.97,7.74,15
"309","Puebla",2021-06-10,9.12,9.59,16.21
"310","Querétaro",2021-06-10,4.82,6.56,54.54
"311","Quintana Roo",2021-06-10,35.91,17.28,34.78
"312","San Luis Potosí",2021-06-10,3.49,4.52,12.28
"313","Sinaloa",2021-06-10,18.69,12.59,22.97
"314","Sonora",2021-06-10,20.91,12.9,29.54
"315","Tabasco",2021-06-10,26.19,38.55,37.7
"316","Tamaulipas",2021-06-10,28.11,16.66,29.11
"317","Tlaxcala",2021-06-10,4.02,8.49,100
"318","Veracruz de Ignacio de La Llave",2021-06-10,18.6,8.68,21.97
"319","Yucatán",2021-06-10,20.11,42.5,73.91
"320","Zacatecas",2021-06-10,4.44,6.61,30
"321","Aguascalientes",2021-06-11,13.48,8.91,19.23
"322","Baja California",2021-06-11,13.2,15.8,4.65
"323","Baja California Sur",2021-06-11,36.47,28.49,0
"324","Campeche",2021-06-11,6.82,7.4,12.5
"325","Chiapas",2021-06-11,3.87,6.41,7.93
"326","Chihuahua",2021-06-11,14.31,11.82,10
"327","Ciudad de México",2021-06-11,15.52,13.07,12.25
"328","Coahuila de Zaragoza",2021-06-11,11.11,5.83,8
"329","Colima",2021-06-11,13.79,18.91,5.55
"330","Durango",2021-06-11,29.41,8.86,25
"331","Guanajuato",2021-06-11,3.74,1.05,1.78
"332","Guerrero",2021-06-11,9.89,10.24,10
"333","Hidalgo",2021-06-11,12.73,6.57,0
"334","Jalisco",2021-06-11,13.5,6.13,10.84
"335","México",2021-06-11,9.17,10.48,12.5
"336","Michoacán de Ocampo",2021-06-11,6.56,5.26,0
"337","Morelos",2021-06-11,12.71,9.03,27.13
"338","Nayarit",2021-06-11,18.01,14.47,0
"339","Nuevo León",2021-06-11,24.79,19.96,35.86
"340","Oaxaca",2021-06-11,14.97,7.74,15
"341","Puebla",2021-06-11,9.12,9.59,16.21
"342","Querétaro",2021-06-11,4.82,6.56,54.54
"343","Quintana Roo",2021-06-11,35.91,17.28,34.78
"344","San Luis Potosí",2021-06-11,3.49,4.52,12.28
"345","Sinaloa",2021-06-11,18.69,12.59,22.97
"346","Sonora",2021-06-11,20.91,12.9,29.54
"347","Tabasco",2021-06-11,26.19,38.55,37.7
"348","Tamaulipas",2021-06-11,28.11,16.66,29.11
"349","Tlaxcala",2021-06-11,4.02,8.49,100
"350","Veracruz de Ignacio de La Llave",2021-06-11,18.6,8.68,21.97
"351","Yucatán",2021-06-11,20.11,42.5,73.91
"352","Zacatecas",2021-06-11,4.44,6.61,30
"353","Aguascalientes",2021-06-12,10.81,11.61,15.09
"354","Baja California",2021-06-12,8.73,12.32,7.69
"355","Baja California Sur",2021-06-12,46.66,32.29,0
"356","Campeche",2021-06-12,13.43,15.49,35.29
"357","Chiapas",2021-06-12,4.39,6.48,6.34
"358","Chihuahua",2021-06-12,12.23,15.46,14.63
"359","Ciudad de México",2021-06-12,16.7,10.76,8.63
"360","Coahuila de Zaragoza",2021-06-12,13.59,5.21,40
"361","Colima",2021-06-12,7.52,19.23,0
"362","Durango",2021-06-12,25.88,5.06,21.73
"363","Guanajuato",2021-06-12,4.64,1.04,5.63
"364","Guerrero",2021-06-12,7.73,10.29,7.89
"365","Hidalgo",2021-06-12,12.38,5.92,0
"366","Jalisco",2021-06-12,12.94,4.8,10.32
"367","México",2021-06-12,9.19,9.91,12.5
"368","Michoacán de Ocampo",2021-06-12,5.91,3.2,0
"369","Morelos",2021-06-12,11.17,7.97,24.42
"370","Nayarit",2021-06-12,17.69,16.88,0
"371","Nuevo León",2021-06-12,26.41,19.96,32.96
"372","Oaxaca",2021-06-12,12.27,10.95,6
"373","Puebla",2021-06-12,10.43,10.83,14.75
"374","Querétaro",2021-06-12,4.55,3.86,31.81
"375","Quintana Roo",2021-06-12,37.32,23.01,42.55
"376","San Luis Potosí",2021-06-12,3.33,3.5,5.55
"377","Sinaloa",2021-06-12,19.9,14.7,28.37
"378","Sonora",2021-06-12,25.08,16.47,32.43
"379","Tabasco",2021-06-12,24.35,27.31,30.68
"380","Tamaulipas",2021-06-12,29.57,17.06,41.07
"381","Tlaxcala",2021-06-12,2.66,8.57,0
"382","Veracruz de Ignacio de La Llave",2021-06-12,18.41,8.48,15.68
"383","Yucatán",2021-06-12,20,43.75,78.26
"384","Zacatecas",2021-06-12,7.69,8.14,33.33
"385","Aguascalientes",2021-06-13,12.08,9.09,15.09
"386","Baja California",2021-06-13,9.84,11.26,0
"387","Baja California Sur",2021-06-13,76.13,71.79,0
"388","Campeche",2021-06-13,8.92,8.03,12.5
"389","Chiapas",2021-06-13,4.7,6.46,6.34
"390","Chihuahua",2021-06-13,10.09,7.33,6.89
"391","Ciudad de México",2021-06-13,18.48,11.63,12.5
"392","Coahuila de Zaragoza",2021-06-13,14,6.14,40
"393","Colima",2021-06-13,6.59,20.75,0
"394","Durango",2021-06-13,33.33,5.4,26.66
"395","Guanajuato",2021-06-13,4.51,1.35,7.14
"396","Guerrero",2021-06-13,9.47,11.11,10.52
"397","Hidalgo",2021-06-13,12.05,4.6,0
"398","Jalisco",2021-06-13,13.29,4.85,12.2
"399","México",2021-06-13,11.23,10.72,12.5
"400","Michoacán de Ocampo",2021-06-13,6.99,3.15,0
"401","Morelos",2021-06-13,11.96,7.27,26.47
"402","Nayarit",2021-06-13,22.8,16.21,0
"403","Nuevo León",2021-06-13,24.28,20.65,37.46
"404","Oaxaca",2021-06-13,12.76,7.53,9.09
"405","Puebla",2021-06-13,13.29,9.73,18.51
"406","Querétaro",2021-06-13,3.76,3.44,22.72
"407","Quintana Roo",2021-06-13,36.64,23.2,41.3
"408","San Luis Potosí",2021-06-13,3.33,2.91,6.25
"409","Sinaloa",2021-06-13,23.13,17.15,30.43
"410","Sonora",2021-06-13,25.64,17,42.85
"411","Tabasco",2021-06-13,26.02,28.21,32.14
"412","Tamaulipas",2021-06-13,32.89,13.58,21.23
"413","Tlaxcala",2021-06-13,2.66,9.34,0
"414","Veracruz de Ignacio de La Llave",2021-06-13,15.66,7.9,14.95
"415","Yucatán",2021-06-13,20.8,46.62,78.26
"416","Zacatecas",2021-06-13,5.08,7.51,33.33
"417","Aguascalientes",2021-06-14,12.08,9.09,15.09
"418","Baja California",2021-06-14,9.84,11.26,0
"419","Baja California Sur",2021-06-14,76.13,71.79,0
"420","Campeche",2021-06-14,8.92,8.03,12.5
"421","Chiapas",2021-06-14,4.7,6.46,6.34
"422","Chihuahua",2021-06-14,10.09,7.33,6.89
"423","Ciudad de México",2021-06-14,18.48,11.63,12.5
"424","Coahuila de Zaragoza",2021-06-14,14,6.14,40
"425","Colima",2021-06-14,6.59,20.75,0
"426","Durango",2021-06-14,33.33,5.4,26.66
"427","Guanajuato",2021-06-14,4.51,1.35,7.14
"428","Guerrero",2021-06-14,9.47,11.11,10.52
"429","Hidalgo",2021-06-14,12.05,4.6,0
"430","Jalisco",2021-06-14,13.29,4.85,12.2
"431","México",2021-06-14,11.96,7.27,26.47
"432","Michoacán de Ocampo",2021-06-14,11.23,10.72,12.5
"433","Morelos",2021-06-14,6.99,3.15,0
"434","Nayarit",2021-06-14,22.8,16.21,0
"435","Nuevo León",2021-06-14,24.28,20.65,37.46
"436","Oaxaca",2021-06-14,12.76,7.53,9.09
"437","Puebla",2021-06-14,13.29,9.73,18.51
"438","Querétaro",2021-06-14,3.76,3.44,22.72
"439","Quintana Roo",2021-06-14,36.64,23.2,41.3
"440","San Luis Potosí",2021-06-14,3.33,2.91,6.25
"441","Sinaloa",2021-06-14,23.13,17.15,30.43
"442","Sonora",2021-06-14,25.64,17,42.85
"443","Tabasco",2021-06-14,26.02,28.21,32.14
"444","Tamaulipas",2021-06-14,32.89,13.58,21.23
"445","Tlaxcala",2021-06-14,2.66,9.34,0
"446","Veracruz de Ignacio de La Llave",2021-06-14,15.66,7.9,14.95
"447","Yucatán",2021-06-14,20.8,46.62,78.26
"448","Zacatecas",2021-06-14,5.08,7.51,33.33
"449","Aguascalientes",2021-06-15,12.24,9.21,15.68
"450","Baja California",2021-06-15,14.76,15.4,9.3
"451","Baja California Sur",2021-06-15,44.55,38.88,0
"452","Campeche",2021-06-15,5.02,7.4,14.7
"453","Chiapas",2021-06-15,6.04,6.52,6.34
"454","Chihuahua",2021-06-15,13.49,12.68,14.44
"455","Ciudad de México",2021-06-15,21.85,13.22,12.24
"456","Coahuila de Zaragoza",2021-06-15,12.4,8.16,60
"457","Colima",2021-06-15,6.89,22.64,33.33
"458","Durango",2021-06-15,32.63,7.04,26.66
"459","Guanajuato",2021-06-15,3.94,1.22,8.92
"460","Guerrero",2021-06-15,10.49,7.98,10.25
"461","Hidalgo",2021-06-15,15.21,5.96,0
"462","Jalisco",2021-06-15,13.06,5.41,12.85
"463","México",2021-06-15,11.35,7.7,20.61
"464","Michoacán de Ocampo",2021-06-15,11.4,9.6,6.25
"465","Morelos",2021-06-15,5.41,1.96,0
"466","Nayarit",2021-06-15,18.91,12.65,0
"467","Nuevo León",2021-06-15,26.24,19.75,38.85
"468","Oaxaca",2021-06-15,14.34,9.46,10.29
"469","Puebla",2021-06-15,13,8.69,15.18
"470","Querétaro",2021-06-15,3.49,3.44,27.27
"471","Quintana Roo",2021-06-15,36.03,18.98,28.07
"472","San Luis Potosí",2021-06-15,3.55,5.21,7.4
"473","Sinaloa",2021-06-15,21.9,15.31,28.37
"474","Sonora",2021-06-15,24.32,16.77,40.54
"475","Tabasco",2021-06-15,25.56,33.68,35.29
"476","Tamaulipas",2021-06-15,31.88,17.29,31.81
"477","Tlaxcala",2021-06-15,2.01,8.33,0
"478","Veracruz de Ignacio de La Llave",2021-06-15,16.81,9.55,16.66
"479","Yucatán",2021-06-15,20.65,46.95,77.27
"480","Zacatecas",2021-06-15,5.21,7.57,33.33
"481","Aguascalientes",2021-06-16,18.33,8.52,25.8
"482","Baja California",2021-06-16,13.38,13.59,9.3
"483","Baja California Sur",2021-06-16,45.67,40.29,0
"484","Campeche",2021-06-16,5.88,10.28,17.64
"485","Chiapas",2021-06-16,7.1,6.25,6.34
"486","Chihuahua",2021-06-16,14.34,12.31,10
"487","Ciudad de México",2021-06-16,23.14,13.85,14.53
"488","Coahuila de Zaragoza",2021-06-16,15.09,8.1,60
"489","Colima",2021-06-16,8.65,19.6,33.33
"490","Durango",2021-06-16,35.41,7.35,31.11
"491","Guanajuato",2021-06-16,3.83,2.06,8.92
"492","Guerrero",2021-06-16,9.44,8.14,10.25
"493","Hidalgo",2021-06-16,16.27,6.8,0
"494","Jalisco",2021-06-16,12.74,5.62,13.33
"495","México",2021-06-16,13.31,6.38,19.46
"496","Michoacán de Ocampo",2021-06-16,7.63,9.58,6.25
"497","Morelos",2021-06-16,7.76,1.4,0
"498","Nayarit",2021-06-16,20.9,13.58,0
"499","Nuevo León",2021-06-16,28.03,17.9,35.69
"500","Oaxaca",2021-06-16,13.72,12.19,11.94
"501","Puebla",2021-06-16,11.18,7.8,10.52
"502","Querétaro",2021-06-16,4,1.93,27.27
"503","Quintana Roo",2021-06-16,37.5,20.55,31.34
"504","San Luis Potosí",2021-06-16,3.59,5.68,7.27
"505","Sinaloa",2021-06-16,23.09,16.29,28.94
"506","Sonora",2021-06-16,26.31,19.31,31.81
"507","Tabasco",2021-06-16,27.65,36.7,34.14
"508","Tamaulipas",2021-06-16,32.5,19.84,33.69
"509","Tlaxcala",2021-06-16,2.68,9.17,0
"510","Veracruz de Ignacio de La Llave",2021-06-16,18.58,9,20.2
"511","Yucatán",2021-06-16,24.19,45.73,80
"512","Zacatecas",2021-06-16,2.58,6.81,33.33
"513","Aguascalientes",2021-06-17,21.95,7.25,22.58
"514","Baja California",2021-06-17,16.46,15.3,21.73
"515","Baja California Sur",2021-06-17,57.4,42.21,0
"516","Campeche",2021-06-17,9.76,11,18.75
"517","Chiapas",2021-06-17,5.34,7.52,6.25
"518","Chihuahua",2021-06-17,12.25,11.04,9.67
"519","Ciudad de México",2021-06-17,24.07,13.98,13.84
"520","Coahuila de Zaragoza",2021-06-17,14.7,7.54,33.33
"521","Colima",2021-06-17,9.47,20,33.33
"522","Durango",2021-06-17,26.58,20,33.96
"523","Guanajuato",2021-06-17,4.17,1.91,8.92
"524","Guerrero",2021-06-17,8.09,4.95,5.12
"525","Hidalgo",2021-06-17,16.08,11.4,0
"526","Jalisco",2021-06-17,12.71,7.39,13.17
"527","México",2021-06-17,12.81,6.35,19.64
"528","Michoacán de Ocampo",2021-06-17,5.84,9.73,8.33
"529","Morelos",2021-06-17,9.38,1.75,0
"530","Nayarit",2021-06-17,26.85,9.09,0
"531","Nuevo León",2021-06-17,31.41,17.64,40.15
"532","Oaxaca",2021-06-17,13.75,10.71,3.5
"533","Puebla",2021-06-17,11,6.96,29.57
"534","Querétaro",2021-06-17,3.96,1.96,31.81
"535","Quintana Roo",2021-06-17,39.36,20.08,32.78
"536","San Luis Potosí",2021-06-17,5.4,6.14,12
"537","Sinaloa",2021-06-17,25.05,16.66,23.07
"538","Sonora",2021-06-17,21.13,17.71,28.57
"539","Tabasco",2021-06-17,25.91,34.71,35.8
"540","Tamaulipas",2021-06-17,34.23,17.47,37.89
"541","Tlaxcala",2021-06-17,1.35,8.25,0
"542","Veracruz de Ignacio de La Llave",2021-06-17,17.65,8.49,18.39
"543","Yucatán",2021-06-17,22.86,48.46,80.95
"544","Zacatecas",2021-06-17,2.54,6.01,27.77
"545","Aguascalientes",2021-06-18,15.83,10.23,9.67
"546","Baja California",2021-06-18,16.5,13.85,11.62
"547","Baja California Sur",2021-06-18,54.18,45.07,0
"548","Campeche",2021-06-18,10.08,11,18.75
"549","Chiapas",2021-06-18,5.1,6.76,2.12
"550","Chihuahua",2021-06-18,12.2,10.22,8.57
"551","Ciudad de México",2021-06-18,23.67,13.1,24.36
"552","Coahuila de Zaragoza",2021-06-18,8.56,6.99,20
"553","Colima",2021-06-18,9.47,16,33.33
"554","Durango",2021-06-18,32.97,10,37.5
"555","Guanajuato",2021-06-18,3.73,2.07,8.92
"556","Guerrero",2021-06-18,8.64,5.85,6.41
"557","Hidalgo",2021-06-18,15.24,9.02,0
"558","Jalisco",2021-06-18,12.37,7.67,11.76
"559","México",2021-06-18,11.59,6.54,27.17
"560","Michoacán de Ocampo",2021-06-18,5.18,9.45,8.33
"561","Morelos",2021-06-18,9.28,1.85,0
"562","Nayarit",2021-06-18,25,11.39,100
"563","Nuevo León",2021-06-18,29.2,17.46,35.33
"564","Oaxaca",2021-06-18,11.45,16,13.11
"565","Puebla",2021-06-18,10.44,6.99,23.07
"566","Querétaro",2021-06-18,3.66,1.58,12.5
"567","Quintana Roo",2021-06-18,39.13,19.83,31.66
"568","San Luis Potosí",2021-06-18,10.81,5.78,12
"569","Sinaloa",2021-06-18,26.88,18.75,27.16
"570","Sonora",2021-06-18,26.19,18.56,36.17
"571","Tabasco",2021-06-18,25.09,34.19,32.5
"572","Tamaulipas",2021-06-18,36.29,16.79,37.5
"573","Tlaxcala",2021-06-18,2.72,7.4,0
"574","Veracruz de Ignacio de La Llave",2021-06-18,17.4,7.91,18.39
"575","Yucatán",2021-06-18,23.12,49.1,78.26
"576","Zacatecas",2021-06-18,3.38,6.01,27.77
"577","Aguascalientes",2021-06-19,21.25,9.09,22.58
"578","Baja California",2021-06-19,10.96,12.54,21.73
"579","Baja California Sur",2021-06-19,71.3,77.31,0
"580","Campeche",2021-06-19,9.19,6.66,12.5
"581","Chiapas",2021-06-19,4.59,6.04,2.12
"582","Chihuahua",2021-06-19,9.43,7.3,2.77
"583","Ciudad de México",2021-06-19,23.3,13.44,18.69
"584","Coahuila de Zaragoza",2021-06-19,10.78,9.09,20
"585","Colima",2021-06-19,15.62,12.76,0
"586","Durango",2021-06-19,21.05,21.25,34.14
"587","Guanajuato",2021-06-19,3.68,1.62,7.69
"588","Guerrero",2021-06-19,7.42,6.66,7.81
"589","Hidalgo",2021-06-19,14.84,9.65,0
"590","Jalisco",2021-06-19,12.12,8.2,11.33
"591","México",2021-06-19,10.77,6.03,25.53
"592","Michoacán de Ocampo",2021-06-19,5.71,8.63,8.33
"593","Morelos",2021-06-19,8.21,0,0
"594","Nayarit",2021-06-19,25,11.39,100
"595","Nuevo León",2021-06-19,29.11,17.03,36.65
"596","Oaxaca",2021-06-19,18.45,22.72,48
"597","Puebla",2021-06-19,9.58,5.63,7.01
"598","Querétaro",2021-06-19,4.74,1.98,18.75
"599","Quintana Roo",2021-06-19,39.47,21.72,31.66
"600","San Luis Potosí",2021-06-19,10.88,6.35,16
"601","Sinaloa",2021-06-19,27.35,20.85,28.2
"602","Sonora",2021-06-19,30.61,21.68,34.14
"603","Tabasco",2021-06-19,27.07,30.61,38.82
"604","Tamaulipas",2021-06-19,34.36,15.27,34.48
"605","Tlaxcala",2021-06-19,2.02,6.54,0
"606","Veracruz de Ignacio de La Llave",2021-06-19,16.77,8.72,16.12
"607","Yucatán",2021-06-19,23.95,48.33,54.28
"608","Zacatecas",2021-06-19,3.38,5.26,22.22
"609","Aguascalientes",2021-06-20,20,9.01,19.35
"610","Baja California",2021-06-20,9.3,14.02,21.73
"611","Baja California Sur",2021-06-20,56.25,49.76,0
"612","Campeche",2021-06-20,10.69,6.93,12.5
"613","Chiapas",2021-06-20,4.61,6.42,2.12
"614","Chihuahua",2021-06-20,9.4,6.25,5.45
"615","Ciudad de México",2021-06-20,22.39,9.33,7.66
"616","Coahuila de Zaragoza",2021-06-20,12.07,9.32,60
"617","Colima",2021-06-20,14.73,14,0
"618","Durango",2021-06-20,21.79,9.19,10.41
"619","Guanajuato",2021-06-20,3.48,0.95,0
"620","Guerrero",2021-06-20,8.03,6.25,7.81
"621","Hidalgo",2021-06-20,16.19,10.88,0
"622","Jalisco",2021-06-20,10.65,7.18,11.05
"623","México",2021-06-20,11.15,5.87,18.91
"624","Michoacán de Ocampo",2021-06-20,6.54,7.94,10
"625","Morelos",2021-06-20,8.1,0,0
"626","Nayarit",2021-06-20,24.54,10.25,0
"627","Nuevo León",2021-06-20,26.98,19.65,37.31
"628","Oaxaca",2021-06-20,12.42,21.62,44
"629","Puebla",2021-06-20,9.7,5.3,18.46
"630","Querétaro",2021-06-20,4.37,2.38,25
"631","Quintana Roo",2021-06-20,39.13,22.76,45
"632","San Luis Potosí",2021-06-20,11.77,6.74,23.52
"633","Sinaloa",2021-06-20,26.25,20.47,28.2
"634","Sonora",2021-06-20,31.31,21.27,40.62
"635","Tabasco",2021-06-20,35.07,34.21,40.9
"636","Tamaulipas",2021-06-20,34.57,14.54,31.81
"637","Tlaxcala",2021-06-20,2.02,7.4,0
"638","Veracruz de Ignacio de La Llave",2021-06-20,18.13,7.66,14.94
"639","Yucatán",2021-06-20,25.63,43.02,62.85
"640","Zacatecas",2021-06-20,4,6.34,16.66
"641","Aguascalientes",2021-06-21,20.86,9.02,9.67
"642","Baja California",2021-06-21,15.61,17.15,11.36
"643","Baja California Sur",2021-06-21,61.18,50.73,0
"644","Campeche",2021-06-21,10.98,9.7,18.18
"645","Chiapas",2021-06-21,3.81,6.08,1.72
"646","Chihuahua",2021-06-21,9.28,7.3,4.28
"647","Ciudad de México",2021-06-21,23.49,13.8,13.89
"648","Coahuila de Zaragoza",2021-06-21,9.88,7.23,42.85
"649","Colima",2021-06-21,11.82,21.15,0
"650","Durango",2021-06-21,32.63,10.44,31.25
"651","Guanajuato",2021-06-21,3.55,1.31,7.14
"652","Guerrero",2021-06-21,8.19,5.58,7.69
"653","Hidalgo",2021-06-21,13.75,9.02,0
"654","Jalisco",2021-06-21,14.63,6.71,12.12
"655","México",2021-06-21,11.9,6.81,17.11
"656","Michoacán de Ocampo",2021-06-21,6.68,8.48,8.33
"657","Morelos",2021-06-21,10.38,0,100
"658","Nayarit",2021-06-21,20.9,8.75,0
"659","Nuevo León",2021-06-21,28.47,18.55,38.32
"660","Oaxaca",2021-06-21,13.4,20.19,43.47
"661","Puebla",2021-06-21,10.05,6,14.51
"662","Querétaro",2021-06-21,5.07,2,31.57
"663","Quintana Roo",2021-06-21,40.7,19.42,27.58
"664","San Luis Potosí",2021-06-21,11.84,7.18,16
"665","Sinaloa",2021-06-21,27.73,19.72,29.26
"666","Sonora",2021-06-21,29.68,23.39,35.55
"667","Tabasco",2021-06-21,27.62,36.97,38.09
"668","Tamaulipas",2021-06-21,34.79,17.37,33.68
"669","Tlaxcala",2021-06-21,2.02,7.4,0
"670","Veracruz de Ignacio de La Llave",2021-06-21,18.19,7.12,13.79
"671","Yucatán",2021-06-21,24.22,45.78,60
"672","Zacatecas",2021-06-21,1.6,5.55,16.66
"673","Aguascalientes",2021-06-22,19.65,9.16,0
"674","Baja California",2021-06-22,16.4,14.09,11.36
"675","Baja California Sur",2021-06-22,65.12,54.73,14.28
"676","Campeche",2021-06-22,14.61,6.72,13.33
"677","Chiapas",2021-06-22,4.09,4.94,2.12
"678","Chihuahua",2021-06-22,8.85,7.9,4.28
"679","Ciudad de México",2021-06-22,24.08,13.25,13.89
"680","Coahuila de Zaragoza",2021-06-22,8.67,6.71,44.44
"681","Colima",2021-06-22,13.26,25.42,33.33
"682","Durango",2021-06-22,21.34,9.72,10.25
"683","Guanajuato",2021-06-22,3.41,2,9.09
"684","Guerrero",2021-06-22,7.58,7.42,7.69
"685","Hidalgo",2021-06-22,14.33,8.27,6.66
"686","Jalisco",2021-06-22,14.79,6.65,12.19
"687","México",2021-06-22,13.06,6.87,18.88
"688","Michoacán de Ocampo",2021-06-22,6.13,7.92,15.38
"689","Morelos",2021-06-22,10.75,0,0
"690","Nayarit",2021-06-22,26.6,8.53,0
"691","Nuevo León",2021-06-22,23.08,17.7,38.57
"692","Oaxaca",2021-06-22,16,22.22,56
"693","Puebla",2021-06-22,10.45,6.29,17.18
"694","Querétaro",2021-06-22,5.41,2.76,22.72
"695","Quintana Roo",2021-06-22,41.93,20.4,27.86
"696","San Luis Potosí",2021-06-22,10.91,7.6,22.22
"697","Sinaloa",2021-06-22,32.21,19.02,29.26
"698","Sonora",2021-06-22,29.94,24.17,37.77
"699","Tabasco",2021-06-22,29.54,42.6,40.27
"700","Tamaulipas",2021-06-22,32.89,17.21,31.16
"701","Tlaxcala",2021-06-22,0.67,7.33,0
"702","Veracruz de Ignacio de La Llave",2021-06-22,18.97,8.19,14.28
"703","Yucatán",2021-06-22,23.5,42.69,74.28
"704","Zacatecas",2021-06-22,4.12,5.26,16.66
"705","Aguascalientes",2021-06-23,16.23,9.09,0
"706","Baja California",2021-06-23,16.21,16.21,11.36
"707","Baja California Sur",2021-06-23,66.26,54.97,28.57
"708","Campeche",2021-06-23,12.66,5.69,15.62
"709","Chiapas",2021-06-23,4.09,5.28,2.12
"710","Chihuahua",2021-06-23,9.3,7.31,4.54
"711","Ciudad de México",2021-06-23,24.02,13.47,13.73
"712","Coahuila de Zaragoza",2021-06-23,11.16,6.66,0
"713","Colima",2021-06-23,11.34,25,0
"714","Durango",2021-06-23,17.94,13.69,17.5
"715","Guanajuato",2021-06-23,3.04,1.58,7.14
"716","Guerrero",2021-06-23,7.33,6.79,7.69
"717","Hidalgo",2021-06-23,15.12,8.39,6.66
"718","Jalisco",2021-06-23,13.73,8.24,14
"719","México",2021-06-23,12.27,7.35,15.92
"720","Michoacán de Ocampo",2021-06-23,6.74,8.33,21.42
"721","Morelos",2021-06-23,10.37,0,0
"722","Nayarit",2021-06-23,20.95,11.62,0
"723","Nuevo León",2021-06-23,25,15.29,29.46
"724","Oaxaca",2021-06-23,22.66,19.19,65
"725","Puebla",2021-06-23,10.93,6.94,20.89
"726","Querétaro",2021-06-23,2.88,3.55,31.81
"727","Quintana Roo",2021-06-23,42.47,19.67,27.86
"728","San Luis Potosí",2021-06-23,12.14,7.14,22.22
"729","Sinaloa",2021-06-23,29.95,17.59,22.22
"730","Sonora",2021-06-23,32.27,26.62,38.46
"731","Tabasco",2021-06-23,25.95,42.45,40.86
"732","Tamaulipas",2021-06-23,34.33,18.35,34.06
"733","Tlaxcala",2021-06-23,0.66,6.48,0
"734","Veracruz de Ignacio de La Llave",2021-06-23,19.91,6.64,14.94
"735","Yucatán",2021-06-23,24.06,40.11,75
"736","Zacatecas",2021-06-23,2.97,4.65,11.11
"737","Aguascalientes",2021-06-24,21.13,9.52,16.12
"738","Baja California",2021-06-24,18.58,12.08,11.36
"739","Baja California Sur",2021-06-24,75.83,79.48,14.28
"740","Campeche",2021-06-24,10.23,4.09,3.33
"741","Chiapas",2021-06-24,5.63,3.94,2.12
"742","Chihuahua",2021-06-24,8.29,8.12,3.27
"743","Ciudad de México",2021-06-24,24.01,14.66,13.52
"744","Coahuila de Zaragoza",2021-06-24,8.3,6.08,0
"745","Colima",2021-06-24,8.16,25,0
"746","Durango",2021-06-24,27.05,8.1,19.14
"747","Guanajuato",2021-06-24,2.88,1.87,9.8
"748","Guerrero",2021-06-24,7.23,8.25,7.81
"749","Hidalgo",2021-06-24,15.62,7.04,6.66
"750","Jalisco",2021-06-24,13.26,7.86,15.04
"751","México",2021-06-24,13.11,7.48,14.95
"752","Michoacán de Ocampo",2021-06-24,6.87,8.15,18.18
"753","Morelos",2021-06-24,11.11,0,0
"754","Nayarit",2021-06-24,22.42,13.09,0
"755","Nuevo León",2021-06-24,23.4,16.26,33.33
"756","Oaxaca",2021-06-24,15.38,25.31,56.25
"757","Puebla",2021-06-24,11.14,6.66,18.46
"758","Querétaro",2021-06-24,5.03,1.58,18.18
"759","Quintana Roo",2021-06-24,43.06,19.56,40.47
"760","San Luis Potosí",2021-06-24,8.51,7.18,22.22
"761","Sinaloa",2021-06-24,32.37,18.18,23.07
"762","Sonora",2021-06-24,32.47,24.58,39.02
"763","Tabasco",2021-06-24,27.33,40.39,41.3
"764","Tamaulipas",2021-06-24,33.5,18.25,33.69
"765","Tlaxcala",2021-06-24,2.64,5.55,0
"766","Veracruz de Ignacio de La Llave",2021-06-24,20,6.81,12.94
"767","Yucatán",2021-06-24,25.02,41.31,72.72
"768","Zacatecas",2021-06-24,3.96,3.9,11.11
"769","Aguascalientes",2021-06-25,18.1,8.39,0
"770","Baja California",2021-06-25,16.3,14.07,16.66
"771","Baja California Sur",2021-06-25,56.12,53.52,0
"772","Campeche",2021-06-25,12,4.16,6.45
"773","Chiapas",2021-06-25,6.36,3.59,2.12
"774","Chihuahua",2021-06-25,7.57,7.14,4.54
"775","Ciudad de México",2021-06-25,26.3,15.61,12.35
"776","Coahuila de Zaragoza",2021-06-25,13.65,6.66,20
"777","Colima",2021-06-25,14.43,21.66,33.33
"778","Durango",2021-06-25,22.36,13.43,12.12
"779","Guanajuato",2021-06-25,3.28,1.2,4.44
"780","Guerrero",2021-06-25,7.83,6.04,5.12
"781","Hidalgo",2021-06-25,15.27,6.2,6.66
"782","Jalisco",2021-06-25,12.91,8.43,18.45
"783","México",2021-06-25,12.32,8.27,16.07
"784","Michoacán de Ocampo",2021-06-25,6.33,8.62,15.38
"785","Morelos",2021-06-25,11.76,0,0
"786","Nayarit",2021-06-25,21.1,12.79,0
"787","Nuevo León",2021-06-25,19.77,17.78,30.09
"788","Oaxaca",2021-06-25,18.28,21.59,65
"789","Puebla",2021-06-25,11.39,5.97,18.64
"790","Querétaro",2021-06-25,5.39,1.98,22.72
"791","Quintana Roo",2021-06-25,40,16.94,26.66
"792","San Luis Potosí",2021-06-25,10.13,9.3,23.07
"793","Sinaloa",2021-06-25,34.42,19.02,38.29
"794","Sonora",2021-06-25,33.76,24.59,40.81
"795","Tabasco",2021-06-25,25.36,40.19,35.63
"796","Tamaulipas",2021-06-25,35.28,19.08,34.4
"797","Tlaxcala",2021-06-25,4.27,7.31,0
"798","Veracruz de Ignacio de La Llave",2021-06-25,19.13,7.54,13.79
"799","Yucatán",2021-06-25,25.6,44.97,71.87
"800","Zacatecas",2021-06-25,3.96,3.12,5.55
"801","Aguascalientes",2021-06-26,15.25,9.23,0
"802","Baja California",2021-06-26,10.94,9.13,0
"803","Baja California Sur",2021-06-26,61.09,55.81,14.28
"804","Campeche",2021-06-26,12.18,4.95,9.67
"805","Chiapas",2021-06-26,6.4,3.59,2.12
"806","Chihuahua",2021-06-26,6.98,5.38,1.85
"807","Ciudad de México",2021-06-26,24.62,13.97,10.03
"808","Coahuila de Zaragoza",2021-06-26,12.13,5.21,20
"809","Colima",2021-06-26,20.68,21.42,0
"810","Durango",2021-06-26,19.75,11.25,10.86
"811","Guanajuato",2021-06-26,3.17,1.77,7.14
"812","Guerrero",2021-06-26,8.05,5.85,6.25
"813","Hidalgo",2021-06-26,15.49,5.51,6.66
"814","Jalisco",2021-06-26,13.53,8.56,15.66
"815","México",2021-06-26,12.01,7.81,16.54
"816","Michoacán de Ocampo",2021-06-26,4.03,8.48,15.38
"817","Morelos",2021-06-26,8.48,0,0
"818","Nayarit",2021-06-26,22.36,11.11,0
"819","Nuevo León",2021-06-26,29.92,15.73,34.38
"820","Oaxaca",2021-06-26,19.4,23.17,56.25
"821","Puebla",2021-06-26,10.55,5.55,15.87
"822","Querétaro",2021-06-26,4.67,1.98,22.72
"823","Quintana Roo",2021-06-26,38.95,18.41,28.81
"824","San Luis Potosí",2021-06-26,9.97,9.92,18.51
"825","Sinaloa",2021-06-26,30.01,21.86,30.76
"826","Sonora",2021-06-26,35.21,28.48,45.23
"827","Tabasco",2021-06-26,33.26,33.33,36.76
"828","Tamaulipas",2021-06-26,33.07,16.3,30.76
"829","Tlaxcala",2021-06-26,8.62,7.5,0
"830","Veracruz de Ignacio de La Llave",2021-06-26,19.14,7.76,15.47
"831","Yucatán",2021-06-26,25,45.18,71.87
"832","Zacatecas",2021-06-26,3.92,3.12,5.55
"833","Aguascalientes",2021-06-27,19.16,9.37,0
"834","Baja California",2021-06-27,10.17,8.54,26.92
"835","Baja California Sur",2021-06-27,62.92,58.41,28.57
"836","Campeche",2021-06-27,12.6,8.13,15.62
"837","Chiapas",2021-06-27,7.18,4.33,2.12
"838","Chihuahua",2021-06-27,9.07,6.43,1.51
"839","Ciudad de México",2021-06-27,25.91,15.27,11.03
"840","Coahuila de Zaragoza",2021-06-27,10.1,5.26,33.33
"841","Colima",2021-06-27,10.12,31.25,0
"842","Durango",2021-06-27,21.79,9.63,10.86
"843","Guanajuato",2021-06-27,3.36,1.99,7.69
"844","Guerrero",2021-06-27,9.77,6.11,11.36
"845","Hidalgo",2021-06-27,14.38,8.16,6.66
"846","Jalisco",2021-06-27,13.35,8.52,12.68
"847","México",2021-06-27,12.86,8.52,17.85
"848","Michoacán de Ocampo",2021-06-27,4.57,8.37,15.38
"849","Morelos",2021-06-27,8.11,0,0
"850","Nayarit",2021-06-27,19.26,13.09,0
"851","Nuevo León",2021-06-27,26.86,18.03,37.5
"852","Oaxaca",2021-06-27,18.38,17.56,45.45
"853","Puebla",2021-06-27,11.42,5.33,19.69
"854","Querétaro",2021-06-27,4.67,1.98,22.72
"855","Quintana Roo",2021-06-27,41.44,18.72,42.5
"856","San Luis Potosí",2021-06-27,8.65,8.82,18.51
"857","Sinaloa",2021-06-27,30.91,26.31,28.57
"858","Sonora",2021-06-27,32.36,26.25,45.23
"859","Tabasco",2021-06-27,29.67,32.85,34.09
"860","Tamaulipas",2021-06-27,40.24,19.54,34.78
"861","Tlaxcala",2021-06-27,6.03,10,0
"862","Veracruz de Ignacio de La Llave",2021-06-27,19.77,8.45,17.2
"863","Yucatán",2021-06-27,24.55,43.35,68.75
"864","Zacatecas",2021-06-27,3.92,3.12,5.55
"865","Aguascalientes",2021-06-28,20.83,6.97,9.67
"866","Baja California",2021-06-28,12.67,8.22,0
"867","Baja California Sur",2021-06-28,61.14,58.49,14.28
"868","Campeche",2021-06-28,10.88,7.25,6.66
"869","Chiapas",2021-06-28,8.17,3.94,2.12
"870","Chihuahua",2021-06-28,9.25,7.31,1.53
"871","Ciudad de México",2021-06-28,28.15,21.67,27.76
"872","Coahuila de Zaragoza",2021-06-28,9.7,4,0
"873","Colima",2021-06-28,15.78,21.31,100
"874","Durango",2021-06-28,25.28,11.29,25.8
"875","Guanajuato",2021-06-28,3.42,1.68,7.84
"876","Guerrero",2021-06-28,9.56,6.39,8.62
"877","Hidalgo",2021-06-28,14.33,7.48,6.66
"878","Jalisco",2021-06-28,14.6,9.45,13.39
"879","México",2021-06-28,13.45,8.18,16.21
"880","Michoacán de Ocampo",2021-06-28,4.77,8.33,15.38
"881","Morelos",2021-06-28,6.36,4.25,0
"882","Nayarit",2021-06-28,21.92,13.58,0
"883","Nuevo León",2021-06-28,20.64,16.7,28.57
"884","Oaxaca",2021-06-28,19.28,26.5,55.55
"885","Puebla",2021-06-28,11.55,4.25,16.92
"886","Querétaro",2021-06-28,4.67,1.98,22.72
"887","Quintana Roo",2021-06-28,42.04,18.98,28.81
"888","San Luis Potosí",2021-06-28,9.24,11.27,18.51
"889","Sinaloa",2021-06-28,31.12,24.88,31.94
"890","Sonora",2021-06-28,34.58,27.02,38.09
"891","Tabasco",2021-06-28,29.68,37.29,31.81
"892","Tamaulipas",2021-06-28,37.47,23.07,31.16
"893","Tlaxcala",2021-06-28,6.36,8.97,0
"894","Veracruz de Ignacio de La Llave",2021-06-28,19.97,7.66,18.82
"895","Yucatán",2021-06-28,23.76,48.85,67.85
"896","Zacatecas",2021-06-28,4.95,3.12,5.55
"897","Aguascalientes",2021-06-29,23.72,6.92,9.67
"898","Baja California",2021-06-29,16.15,12.71,9.3
"899","Baja California Sur",2021-06-29,66.32,58.6,14.28
"900","Campeche",2021-06-29,14.94,9.75,15.62
"901","Chiapas",2021-06-29,7.71,5.86,2.32
"902","Chihuahua",2021-06-29,10.49,7.42,4.28
"903","Ciudad de México",2021-06-29,31.78,20.98,15.59
"904","Coahuila de Zaragoza",2021-06-29,9.62,4.69,0
"905","Colima",2021-06-29,11.45,22.58,100
"906","Durango",2021-06-29,29.26,9.45,10.25
"907","Guanajuato",2021-06-29,2.52,2.05,8.92
"908","Guerrero",2021-06-29,9.91,4.18,5.12
"909","Hidalgo",2021-06-29,14.44,7.23,16.66
"910","Jalisco",2021-06-29,15.23,10.94,14.5
"911","México",2021-06-29,14.61,9.14,18.1
"912","Michoacán de Ocampo",2021-06-29,5.96,7.45,7.69
"913","Morelos",2021-06-29,7.46,4.25,0
"914","Nayarit",2021-06-29,25.86,14.47,0
"915","Nuevo León",2021-06-29,22.4,16.27,32.59
"916","Oaxaca",2021-06-29,19.44,16.98,25
"917","Puebla",2021-06-29,11.53,3.57,19.4
"918","Querétaro",2021-06-29,3.19,2.37,27.27
"919","Quintana Roo",2021-06-29,43.18,20.92,33.33
"920","San Luis Potosí",2021-06-29,11.86,8.63,15.38
"921","Sinaloa",2021-06-29,37.07,24.76,29.57
"922","Sonora",2021-06-29,36.55,29.53,40
"923","Tabasco",2021-06-29,25.74,21.84,37.64
"924","Tamaulipas",2021-06-29,41.83,23.76,41.48
"925","Tlaxcala",2021-06-29,5.4,11.68,0
"926","Veracruz de Ignacio de La Llave",2021-06-29,20.42,10.71,22.22
"927","Yucatán",2021-06-29,24.46,49.17,76.66
"928","Zacatecas",2021-06-29,7.92,3.12,5.55
"929","Aguascalientes",2021-06-30,22.95,8.73,12.9
"930","Baja California",2021-06-30,16.5,12.54,10.86
"931","Baja California Sur",2021-06-30,67.37,58.03,14.28
"932","Campeche",2021-06-30,15.48,8.14,15.62
"933","Chiapas",2021-06-30,8.24,6.13,2.12
"934","Chihuahua",2021-06-30,9.9,7.64,8.77
"935","Ciudad de México",2021-06-30,31.47,26.17,21.8
"936","Coahuila de Zaragoza",2021-06-30,9.59,6.8,0
"937","Colima",2021-06-30,12.87,22.03,100
"938","Durango",2021-06-30,29.26,9.75,12.5
"939","Guanajuato",2021-06-30,2.07,1.59,10
"940","Guerrero",2021-06-30,8.69,4.61,5.12
"941","Hidalgo",2021-06-30,17.15,12.14,33.33
"942","Jalisco",2021-06-30,16.36,9.25,13.65
"943","México",2021-06-30,14.34,9.18,23.65
"944","Michoacán de Ocampo",2021-06-30,5.97,7.58,7.69
"945","Morelos",2021-06-30,4.5,0,0
"946","Nayarit",2021-06-30,24.13,17.72,0
"947","Nuevo León",2021-06-30,22.12,16.7,28.68
"948","Oaxaca",2021-06-30,22.78,21.05,50
"949","Puebla",2021-06-30,11.71,2.85,21.73
"950","Querétaro",2021-06-30,3.55,2.4,27.27
"951","Quintana Roo",2021-06-30,42.13,20.17,33.33
"952","San Luis Potosí",2021-06-30,8.1,10.44,15.38
"953","Sinaloa",2021-06-30,36.65,26.02,29.72
"954","Sonora",2021-06-30,38.54,27.22,45.45
"955","Tabasco",2021-06-30,26.9,33.33,34.44
"956","Tamaulipas",2021-06-30,40.14,25.11,40.62
"957","Tlaxcala",2021-06-30,6.3,11.68,0
"958","Veracruz de Ignacio de La Llave",2021-06-30,21.02,12.08,25.55
"959","Yucatán",2021-06-30,23.49,51.72,81.48
"960","Zacatecas",2021-06-30,6.06,4.61,16.66
"961","Aguascalientes",2021-07-01,23.93,6.87,12.9
"962","Baja California",2021-07-01,15.78,10.56,10.86
"963","Baja California Sur",2021-07-01,68.68,56.95,28.57
"964","Campeche",2021-07-01,16.58,9.02,18.75
"965","Chiapas",2021-07-01,7.19,6.45,2.12
"966","Chihuahua",2021-07-01,9.52,7.14,8.33
"967","Ciudad de México",2021-07-01,35.72,19.44,13.89
"968","Coahuila de Zaragoza",2021-07-01,10.98,6.89,0
"969","Colima",2021-07-01,10.1,23.72,100
"970","Durango",2021-07-01,28.37,11.47,12
"971","Guanajuato",2021-07-01,1.87,1.46,7.14
"972","Guerrero",2021-07-01,10.19,5.23,3.84
"973","Hidalgo",2021-07-01,16.59,12.05,33.33
"974","Jalisco",2021-07-01,14.65,10.95,14.45
"975","México",2021-07-01,15.38,9.96,27.95
"976","Michoacán de Ocampo",2021-07-01,7.09,8.37,7.69
"977","Morelos",2021-07-01,7.8,6.52,0
"978","Nayarit",2021-07-01,27.27,15.38,0
"979","Nuevo León",2021-07-01,25.93,16.22,38.46
"980","Oaxaca",2021-07-01,23.89,25.58,42.85
"981","Puebla",2021-07-01,10.27,4.28,14.28
"982","Querétaro",2021-07-01,4.98,2,22.72
"983","Quintana Roo",2021-07-01,42.6,19.49,33.33
"984","San Luis Potosí",2021-07-01,7.37,8.33,8.33
"985","Sinaloa",2021-07-01,36.41,31.36,40
"986","Sonora",2021-07-01,36.53,26.25,38.09
"987","Tabasco",2021-07-01,27.97,33.86,32.95
"988","Tamaulipas",2021-07-01,39.13,25.11,45.26
"989","Tlaxcala",2021-07-01,4.58,10.12,0
"990","Veracruz de Ignacio de La Llave",2021-07-01,21.95,13.14,24.46
"991","Yucatán",2021-07-01,23.54,44.15,90.62
"992","Zacatecas",2021-07-01,9,4.61,16.66
"993","Aguascalientes",2021-07-02,22.22,6.87,12.9
"994","Baja California",2021-07-02,17.51,14.9,15.38
"995","Baja California Sur",2021-07-02,67.79,58.66,28.57
"996","Campeche",2021-07-02,14.83,9.02,15.62
"997","Chiapas",2021-07-02,5.61,6.4,2.12
"998","Chihuahua",2021-07-02,8.67,5.46,7.14
"999","Ciudad de México",2021-07-02,32.37,19.85,12.96
"1000","Coahuila de Zaragoza",2021-07-02,10.11,7.53,0
"1001","Colima",2021-07-02,10.12,21.81,0
"1002","Durango",2021-07-02,25.97,11.76,10.63
"1003","Guanajuato",2021-07-02,2.17,1.63,5.35
"1004","Guerrero",2021-07-02,12.99,6.81,3.44
"1005","Hidalgo",2021-07-02,16.53,13.13,33.33
"1006","Jalisco",2021-07-02,15.48,10.59,14.57
"1007","México",2021-07-02,15.62,9.38,22.52
"1008","Michoacán de Ocampo",2021-07-02,7.8,8.16,7.69
"1009","Morelos",2021-07-02,8.58,6.38,0
"1010","Nayarit",2021-07-02,25.83,17.8,100
"1011","Nuevo León",2021-07-02,23.73,15.3,31.72
"1012","Oaxaca",2021-07-02,23.22,25,40
"1013","Puebla",2021-07-02,11.59,3.7,21.73
"1014","Querétaro",2021-07-02,5.3,2.02,22.72
"1015","Quintana Roo",2021-07-02,40.17,21,48.78
"1016","San Luis Potosí",2021-07-02,6.49,7.35,4.34
"1017","Sinaloa",2021-07-02,36.23,26.28,29.72
"1018","Sonora",2021-07-02,35.81,24.5,38.29
"1019","Tabasco",2021-07-02,26.55,32.48,33.33
"1020","Tamaulipas",2021-07-02,37.41,25.21,44.44
"1021","Tlaxcala",2021-07-02,3.7,8.75,0
"1022","Veracruz de Ignacio de La Llave",2021-07-02,23,15.14,31.11
"1023","Yucatán",2021-07-02,25.52,47.95,89.65
"1024","Zacatecas",2021-07-02,4.95,4.61,16.66
"1025","Aguascalientes",2021-07-03,16.94,6.97,12.9
"1026","Baja California",2021-07-03,10.6,8.5,9.09
"1027","Baja California Sur",2021-07-03,68.72,57.96,14.28
"1028","Campeche",2021-07-03,15.31,8.73,13.33
"1029","Chiapas",2021-07-03,5.4,7.06,2.12
"1030","Chihuahua",2021-07-03,7.79,3.89,3.84
"1031","Ciudad de México",2021-07-03,33.82,21.09,10.2
"1032","Coahuila de Zaragoza",2021-07-03,7.31,6.89,0
"1033","Colima",2021-07-03,15.66,17.3,0
"1034","Durango",2021-07-03,25,14.11,13.04
"1035","Guanajuato",2021-07-03,2.64,1.96,4.91
"1036","Guerrero",2021-07-03,13.62,6.79,4.54
"1037","Hidalgo",2021-07-03,16.12,13.23,33.33
"1038","Jalisco",2021-07-03,15.61,10.63,13.59
"1039","México",2021-07-03,15.66,9.35,18.69
"1040","Michoacán de Ocampo",2021-07-03,8.93,8.54,10.52
"1041","Morelos",2021-07-03,8.88,6.81,0
"1042","Nayarit",2021-07-03,28.57,18.05,100
"1043","Nuevo León",2021-07-03,26.54,15.58,38.49
"1044","Oaxaca",2021-07-03,23.41,21.73,55.55
"1045","Puebla",2021-07-03,11.11,3.73,20.58
"1046","Querétaro",2021-07-03,4.59,2.02,22.72
"1047","Quintana Roo",2021-07-03,38.66,21.36,48.78
"1048","San Luis Potosí",2021-07-03,8.24,7.74,4.34
"1049","Sinaloa",2021-07-03,34.72,28.25,28.37
"1050","Sonora",2021-07-03,33.42,24.48,37.77
"1051","Tabasco",2021-07-03,30.01,26.6,39.13
"1052","Tamaulipas",2021-07-03,38.66,24.13,46.31
"1053","Tlaxcala",2021-07-03,4.54,8.97,0
"1054","Veracruz de Ignacio de La Llave",2021-07-03,25.1,12.7,29.34
"1055","Yucatán",2021-07-03,26.18,50.87,93.1
"1056","Zacatecas",2021-07-03,2.97,4.61,16.66
"1057","Aguascalientes",2021-07-04,14.16,7.75,16.12
"1058","Baja California",2021-07-04,10.61,8.37,6.25
"1059","Baja California Sur",2021-07-04,69.59,56.63,14.28
"1060","Campeche",2021-07-04,14.8,8.66,13.33
"1061","Chiapas",2021-07-04,5.94,7.09,2.12
"1062","Chihuahua",2021-07-04,10.32,7.92,6.25
"1063","Ciudad de México",2021-07-04,39.5,17.16,10.33
"1064","Coahuila de Zaragoza",2021-07-04,5.05,2.67,0
"1065","Colima",2021-07-04,11.11,20.37,0
"1066","Durango",2021-07-04,27.84,13.09,15.21
"1067","Guanajuato",2021-07-04,2.12,1.79,6.38
"1068","Guerrero",2021-07-04,14.4,6.87,4.54
"1069","Hidalgo",2021-07-04,17.07,14.49,41.17
"1070","Jalisco",2021-07-04,17.2,11.46,14.49
"1071","México",2021-07-04,15.51,9.65,20.35
"1072","Michoacán de Ocampo",2021-07-04,11.51,8.37,14.28
"1073","Morelos",2021-07-04,7.4,6.66,0
"1074","Nayarit",2021-07-04,29.66,21.42,0
"1075","Nuevo León",2021-07-04,21.65,15.02,30.76
"1076","Oaxaca",2021-07-04,24.81,22.38,40
"1077","Puebla",2021-07-04,12.3,3.35,14.28
"1078","Querétaro",2021-07-04,6.01,2.72,30.76
"1079","Quintana Roo",2021-07-04,41.48,25.11,48.78
"1080","San Luis Potosí",2021-07-04,9.73,7.51,4.34
"1081","Sinaloa",2021-07-04,38.21,28.95,26.66
"1082","Sonora",2021-07-04,33.04,25,42.5
"1083","Tabasco",2021-07-04,29.46,26.6,39.13
"1084","Tamaulipas",2021-07-04,39.05,26,50
"1085","Tlaxcala",2021-07-04,4.54,8.97,0
"1086","Veracruz de Ignacio de La Llave",2021-07-04,28.2,13,25.51
"1087","Yucatán",2021-07-04,27.82,53.21,89.65
"1088","Zacatecas",2021-07-04,5,5.38,16.66
"1089","Aguascalientes",2021-07-05,15.12,7.81,15.12
"1090","Baja California",2021-07-05,18.76,11.83,18.76
"1091","Baja California Sur",2021-07-05,70.19,59.72,70.19
"1092","Campeche",2021-07-05,16.93,13.53,16.93
"1093","Chiapas",2021-07-05,6.7,7.39,6.7
"1094","Chihuahua",2021-07-05,10.81,6.58,10.81
"1095","Ciudad de México",2021-07-05,41.08,20.98,41.08
"1096","Coahuila de Zaragoza",2021-07-05,8.75,2.08,8.75
"1097","Colima",2021-07-05,14.58,22.58,14.58
"1098","Durango",2021-07-05,30.12,13.25,30.12
"1099","Guanajuato",2021-07-05,2.43,2.05,2.43
"1100","Guerrero",2021-07-05,16.01,6.85,16.01
"1101","Hidalgo",2021-07-05,18,15.07,18
"1102","Jalisco",2021-07-05,17.2,10.95,17.2
"1103","México",2021-07-05,16.78,11.14,16.78
"1104","Michoacán de Ocampo",2021-07-05,10.62,8.12,10.62
"1105","Morelos",2021-07-05,7.4,6.66,7.4
"1106","Nayarit",2021-07-05,30.4,20.58,30.4
"1107","Nuevo León",2021-07-05,25.64,17.26,25.64
"1108","Oaxaca",2021-07-05,26.95,28.39,26.95
"1109","Puebla",2021-07-05,13.17,3.71,13.17
"1110","Querétaro",2021-07-05,4.6,2.41,4.6
"1111","Quintana Roo",2021-07-05,40.5,21,40.5
"1112","San Luis Potosí",2021-07-05,8.31,7.69,8.31
"1113","Sinaloa",2021-07-05,42.88,25.11,42.88
"1114","Sonora",2021-07-05,35.55,21.5,35.55
"1115","Tabasco",2021-07-05,28.54,30.41,28.54
"1116","Tamaulipas",2021-07-05,38.21,23.11,38.21
"1117","Tlaxcala",2021-07-05,3.63,10.25,3.63
"1118","Veracruz de Ignacio de La Llave",2021-07-05,27.81,16.45,27.81
"1119","Yucatán",2021-07-05,22.36,44.15,22.36
"1120","Zacatecas",2021-07-05,6,4.61,6
"1121","Aguascalientes",2021-07-06,17.3,8.08,33.33
"1122","Baja California",2021-07-06,19.09,12.5,15.78
"1123","Baja California Sur",2021-07-06,69.2,58.84,0
"1124","Campeche",2021-07-06,14.44,13.49,13.33
"1125","Chiapas",2021-07-06,6.86,7.58,2.12
"1126","Chihuahua",2021-07-06,7.98,7.05,7.69
"1127","Ciudad de México",2021-07-06,37.48,25.46,15.42
"1128","Coahuila de Zaragoza",2021-07-06,6.51,2.11,20
"1129","Colima",2021-07-06,15.46,21.66,33.33
"1130","Durango",2021-07-06,28.73,10.12,19.14
"1131","Guanajuato",2021-07-06,2.33,1.42,7.14
"1132","Guerrero",2021-07-06,17.84,7.48,5.76
"1133","Hidalgo",2021-07-06,19.35,15.32,41.17
"1134","Jalisco",2021-07-06,20.24,10.2,15.53
"1135","México",2021-07-06,18.19,10.35,22.52
"1136","Michoacán de Ocampo",2021-07-06,11.29,11.5,7.69
"1137","Morelos",2021-07-06,6.61,4.44,0
"1138","Nayarit",2021-07-06,25.6,25,100
"1139","Nuevo León",2021-07-06,23.66,19.87,33.96
"1140","Oaxaca",2021-07-06,38.35,35.84,63.63
"1141","Puebla",2021-07-06,12.17,4.46,15.62
"1142","Querétaro",2021-07-06,6.76,1.61,18.18
"1143","Quintana Roo",2021-07-06,40.38,20.6,35.48
"1144","San Luis Potosí",2021-07-06,10.27,6.06,0
"1145","Sinaloa",2021-07-06,42.3,28.26,33.33
"1146","Sonora",2021-07-06,34.43,22.38,26.92
"1147","Tabasco",2021-07-06,29.95,30.5,32.2
"1148","Tamaulipas",2021-07-06,37.82,22.16,42.52
"1149","Tlaxcala",2021-07-06,3.63,8.97,0
"1150","Veracruz de Ignacio de La Llave",2021-07-06,27.8,17.24,31.86
"1151","Yucatán",2021-07-06,22.86,58.2,77.77
"1152","Zacatecas",2021-07-06,6,4.61,11.11
"1153","Aguascalientes",2021-07-07,22.42,7.36,33.33
"1154","Baja California",2021-07-07,18.46,11.64,15.78
"1155","Baja California Sur",2021-07-07,69.96,54.38,14.28
"1156","Campeche",2021-07-07,13.62,13.63,13.33
"1157","Chiapas",2021-07-07,6.95,5.77,2.12
"1158","Chihuahua",2021-07-07,8.81,5.35,7.69
"1159","Ciudad de México",2021-07-07,35.6,25.88,16.71
"1160","Coahuila de Zaragoza",2021-07-07,8.42,2.11,14.28
"1161","Colima",2021-07-07,18.55,21.66,33.33
"1162","Durango",2021-07-07,26.58,16.17,27.27
"1163","Guanajuato",2021-07-07,3.01,2.38,9.09
"1164","Guerrero",2021-07-07,21.79,9.35,12.06
"1165","Hidalgo",2021-07-07,23.69,14.7,41.17
"1166","Jalisco",2021-07-07,21.52,10.86,15.92
"1167","México",2021-07-07,20.6,11.17,29.09
"1168","Michoacán de Ocampo",2021-07-07,12.44,11.5,7.69
"1169","Morelos",2021-07-07,8.16,4.76,100
"1170","Nayarit",2021-07-07,29.6,22.05,100
"1171","Nuevo León",2021-07-07,26.58,20.85,39.77
"1172","Oaxaca",2021-07-07,30.7,26.15,27.27
"1173","Puebla",2021-07-07,11.73,5.26,20.58
"1174","Querétaro",2021-07-07,7.14,2.4,27.27
"1175","Quintana Roo",2021-07-07,39.6,20,35.48
"1176","San Luis Potosí",2021-07-07,8.84,7.69,0
"1177","Sinaloa",2021-07-07,43.11,31.9,58.47
"1178","Sonora",2021-07-07,34.18,25,35.55
"1179","Tabasco",2021-07-07,27.12,31.57,35.89
"1180","Tamaulipas",2021-07-07,37.09,22.58,45.45
"1181","Tlaxcala",2021-07-07,3.6,7.69,0
"1182","Veracruz de Ignacio de La Llave",2021-07-07,28.17,18.77,34.44
"1183","Yucatán",2021-07-07,23.02,56.17,79.31
"1184","Zacatecas",2021-07-07,7.92,3.07,11.11
"1185","Aguascalientes",2021-07-08,20.38,7.14,33.33
"1186","Baja California",2021-07-08,18.58,13.61,17.94
"1187","Baja California Sur",2021-07-08,71.66,54.78,28.57
"1188","Campeche",2021-07-08,13.05,13.13,13.33
"1189","Chiapas",2021-07-08,8.09,7.38,2.12
"1190","Chihuahua",2021-07-08,9.61,5.29,10.93
"1191","Ciudad de México",2021-07-08,37.04,32.59,27.3
"1192","Coahuila de Zaragoza",2021-07-08,9,0.88,20
"1193","Colima",2021-07-08,23.23,20.33,33.33
"1194","Durango",2021-07-08,26.74,17.24,30.76
"1195","Guanajuato",2021-07-08,3.2,2.21,7.14
"1196","Guerrero",2021-07-08,22.28,10.11,15.51
"1197","Hidalgo",2021-07-08,17.8,7.27,71.42
"1198","Jalisco",2021-07-08,22.05,11.24,17.87
"1199","México",2021-07-08,21.73,10.88,23.07
"1200","Michoacán de Ocampo",2021-07-08,14.69,6.52,100
"1201","Morelos",2021-07-08,8.75,11.55,34.65
"1202","Nayarit",2021-07-08,30.4,25,100
"1203","Nuevo León",2021-07-08,26.6,20,38.75
"1204","Oaxaca",2021-07-08,31.15,36,50
"1205","Puebla",2021-07-08,11.7,5.72,20.89
"1206","Querétaro",2021-07-08,9.25,2.82,31.81
"1207","Quintana Roo",2021-07-08,37.42,18.69,34.92
"1208","San Luis Potosí",2021-07-08,10.05,8.4,8.33
"1209","Sinaloa",2021-07-08,43.69,32.31,34.4
"1210","Sonora",2021-07-08,37.79,27.48,53.33
"1211","Tabasco",2021-07-08,27.71,28.48,41.66
"1212","Tamaulipas",2021-07-08,36.86,17.78,35.71
"1213","Tlaxcala",2021-07-08,7.46,8.21,0
"1214","Veracruz de Ignacio de La Llave",2021-07-08,28.65,19.26,34.06
"1215","Yucatán",2021-07-08,23,55.17,79.31
"1216","Zacatecas",2021-07-08,8.91,3.07,11.11
"1217","Aguascalientes",2021-07-09,21.35,8.08,33.33
"1218","Baja California",2021-07-09,17.85,12.64,17.94
"1219","Baja California Sur",2021-07-09,64.49,57.07,33.33
"1220","Campeche",2021-07-09,10.98,14.38,13.33
"1221","Chiapas",2021-07-09,8.37,7.35,2.12
"1222","Chihuahua",2021-07-09,10.76,5.88,12.5
"1223","Ciudad de México",2021-07-09,39.06,29.65,22.7
"1224","Coahuila de Zaragoza",2021-07-09,7.61,0,0
"1225","Colima",2021-07-09,22.22,21.05,0
"1226","Durango",2021-07-09,32.95,15.87,25
"1227","Guanajuato",2021-07-09,4.09,2.09,5.35
"1228","Guerrero",2021-07-09,24.47,11.24,15.51
"1229","Hidalgo",2021-07-09,28,13.63,33.33
"1230","Jalisco",2021-07-09,21.94,12.05,16.5
"1231","México",2021-07-09,13.62,9.69,0
"1232","Michoacán de Ocampo",2021-07-09,10.69,4.54,0
"1233","Morelos",2021-07-09,21.58,14.37,38.29
"1234","Nayarit",2021-07-09,33.6,30,100
"1235","Nuevo León",2021-07-09,25.34,20.21,38.32
"1236","Oaxaca",2021-07-09,31.78,36.11,50
"1237","Puebla",2021-07-09,12.29,7.11,13.11
"1238","Querétaro",2021-07-09,8.04,2.47,27.27
"1239","Quintana Roo",2021-07-09,39.76,18.18,37.5
"1240","San Luis Potosí",2021-07-09,10.19,8.33,4.16
"1241","Sinaloa",2021-07-09,42.37,34.8,40
"1242","Sonora",2021-07-09,41.09,25,39.58
"1243","Tabasco",2021-07-09,25.2,31.39,46.66
"1244","Tamaulipas",2021-07-09,36.54,16.82,34.52
"1245","Tlaxcala",2021-07-09,10.14,12.67,0
"1246","Veracruz de Ignacio de La Llave",2021-07-09,27.47,19.71,31.86
"1247","Yucatán",2021-07-09,22.07,53.88,78.57
"1248","Zacatecas",2021-07-09,8.91,3.07,11.11
"1249","Aguascalientes",2021-07-10,21.9,7.21,33.33
"1250","Baja California",2021-07-10,16.18,12.15,10.81
"1251","Baja California Sur",2021-07-10,65.34,57.82,41.66
"1252","Campeche",2021-07-10,12.64,15.6,13.33
"1253","Chiapas",2021-07-10,7.57,7.01,2.12
"1254","Chihuahua",2021-07-10,9.79,6.13,12.5
"1255","Ciudad de México",2021-07-10,39.66,27.28,19.68
"1256","Coahuila de Zaragoza",2021-07-10,7.84,0.86,0
"1257","Colima",2021-07-10,24.35,21.05,0
"1258","Durango",2021-07-10,31.7,16.17,25
"1259","Guanajuato",2021-07-10,4.22,1.92,3.57
"1260","Guerrero",2021-07-10,28.11,13.75,25
"1261","Hidalgo",2021-07-10,28.57,13.95,13.33
"1262","Jalisco",2021-07-10,22.47,12.52,16.5
"1263","México",2021-07-10,14.25,10.25,32.74
"1264","Michoacán de Ocampo",2021-07-10,12.87,8.51,7.69
"1265","Morelos",2021-07-10,24.92,13.04,0
"1266","Nayarit",2021-07-10,31.96,32.85,100
"1267","Nuevo León",2021-07-10,28.75,24.38,45.38
"1268","Oaxaca",2021-07-10,29.28,32.39,30.76
"1269","Puebla",2021-07-10,11.74,6.31,19.4
"1270","Querétaro",2021-07-10,7.66,2.47,27.27
"1271","Quintana Roo",2021-07-10,37.72,20.43,48.88
"1272","San Luis Potosí",2021-07-10,12.83,8.14,3.84
"1273","Sinaloa",2021-07-10,42.25,38.63,43.58
"1274","Sonora",2021-07-10,43.2,28.22,55.55
"1275","Tabasco",2021-07-10,23.72,25.12,40.74
"1276","Tamaulipas",2021-07-10,36.65,16.89,38.63
"1277","Tlaxcala",2021-07-10,10.29,13.88,0
"1278","Veracruz de Ignacio de La Llave",2021-07-10,30.42,20.31,34.34
"1279","Yucatán",2021-07-10,22.27,52.4,66.66
"1280","Zacatecas",2021-07-10,6,3.07,11.11
"1281","Aguascalientes",2021-07-11,23.52,7.29,26.66
"1282","Baja California",2021-07-11,20,12.13,5.55
"1283","Baja California Sur",2021-07-11,69.65,55.37,27.27
"1284","Campeche",2021-07-11,12.2,15.21,10
"1285","Chiapas",2021-07-11,9.11,6.79,2.27
"1286","Chihuahua",2021-07-11,10.96,6.54,14.06
"1287","Ciudad de México",2021-07-11,45.88,30.57,25
"1288","Coahuila de Zaragoza",2021-07-11,7.21,1.73,33.33
"1289","Colima",2021-07-11,22.98,18.96,0
"1290","Durango",2021-07-11,32,18.05,25
"1291","Guanajuato",2021-07-11,3.66,2.49,7.4
"1292","Guerrero",2021-07-11,29.58,20,38.46
"1293","Hidalgo",2021-07-11,27.49,14.75,16.66
"1294","Jalisco",2021-07-11,24.19,13.8,17.07
"1295","México",2021-07-11,14.95,8.67,7.69
"1296","Michoacán de Ocampo",2021-07-11,14.63,8.88,0
"1297","Morelos",2021-07-11,26.69,13.24,31.85
"1298","Nayarit",2021-07-11,41.98,28.33,100
"1299","Nuevo León",2021-07-11,28.24,22.04,40.75
"1300","Oaxaca",2021-07-11,32.87,35.06,38.88
"1301","Puebla",2021-07-11,12.83,5.99,19.4
"1302","Querétaro",2021-07-11,10.13,2.47,27.27
"1303","Quintana Roo",2021-07-11,37.12,19.44,33.33
"1304","San Luis Potosí",2021-07-11,11.68,7.35,4.16
"1305","Sinaloa",2021-07-11,47.5,38.13,45
"1306","Sonora",2021-07-11,44.72,30.92,53.12
"1307","Tabasco",2021-07-11,22.88,26.76,43.03
"1308","Tamaulipas",2021-07-11,36.94,16.5,31.16
"1309","Tlaxcala",2021-07-11,10.44,12.82,0
"1310","Veracruz de Ignacio de La Llave",2021-07-11,31.59,20.66,46.66
"1311","Yucatán",2021-07-11,20.96,51.87,72.22
"1312","Zacatecas",2021-07-11,7.07,2.3,11.11
"1313","Aguascalientes",2021-07-12,27.55,8.86,20
"1314","Baja California",2021-07-12,17.69,14.39,10.81
"1315","Baja California Sur",2021-07-12,66.32,56.96,25
"1316","Campeche",2021-07-12,10.65,15.97,16.12
"1317","Chiapas",2021-07-12,10.9,7.89,2.12
"1318","Chihuahua",2021-07-12,12.58,6.5,14.06
"1319","Ciudad de México",2021-07-12,48.47,37.23,31.04
"1320","Coahuila de Zaragoza",2021-07-12,9.02,4.6,28.57
"1321","Colima",2021-07-12,31.03,19.29,0
"1322","Durango",2021-07-12,24.7,15.62,21.87
"1323","Guanajuato",2021-07-12,3.72,2.03,10
"1324","Guerrero",2021-07-12,34.34,12.37,20.68
"1325","Hidalgo",2021-07-12,28.85,13.63,13.33
"1326","Jalisco",2021-07-12,26.86,13.24,15.63
"1327","México",2021-07-12,15.12,13.99,7.69
"1328","Michoacán de Ocampo",2021-07-12,16.5,9.54,0
"1329","Morelos",2021-07-12,26.06,9.09,28.72
"1330","Nayarit",2021-07-12,44.53,26.56,100
"1331","Nuevo León",2021-07-12,26.31,24.89,37.73
"1332","Oaxaca",2021-07-12,31.57,37.03,41.17
"1333","Puebla",2021-07-12,12.53,7.08,20.58
"1334","Querétaro",2021-07-12,12.58,2.89,31.81
"1335","Quintana Roo",2021-07-12,41.07,15.89,33.33
"1336","San Luis Potosí",2021-07-12,10.64,7.57,0
"1337","Sinaloa",2021-07-12,52.46,40.86,48.78
"1338","Sonora",2021-07-12,41.53,24.74,44
"1339","Tabasco",2021-07-12,23.4,33.87,39.47
"1340","Tamaulipas",2021-07-12,34.64,18.38,35.95
"1341","Tlaxcala",2021-07-12,12.67,11.39,0
"1342","Veracruz de Ignacio de La Llave",2021-07-12,31.69,20.64,39
"1343","Yucatán",2021-07-12,19.24,54.22,82.14
"1344","Zacatecas",2021-07-12,7.21,2.3,11.11
"1345","Aguascalientes",2021-07-13,23.46,8.86,26.66
"1346","Baja California",2021-07-13,19.35,14.62,10.81
"1347","Baja California Sur",2021-07-13,65.04,58.29,0
"1348","Campeche",2021-07-13,11.96,16.42,16.12
"1349","Chiapas",2021-07-13,11.34,8.27,2.12
"1350","Chihuahua",2021-07-13,12.5,5.42,15.62
"1351","Ciudad de México",2021-07-13,51.94,37.2,30.08
"1352","Coahuila de Zaragoza",2021-07-13,9.01,3.44,40
"1353","Colima",2021-07-13,29.47,24.59,100
"1354","Durango",2021-07-13,32.92,12.5,18.75
"1355","Guanajuato",2021-07-13,4.22,2.07,12.28
"1356","Guerrero",2021-07-13,37.05,12.56,18.96
"1357","Hidalgo",2021-07-13,31.22,15.87,37.5
"1358","Jalisco",2021-07-13,28.67,16.37,16.93
"1359","México",2021-07-13,29.5,17.51,35.65
"1360","Michoacán de Ocampo",2021-07-13,17.16,9.94,7.69
"1361","Morelos",2021-07-13,20,10,0
"1362","Nayarit",2021-07-13,41.4,33.84,100
"1363","Nuevo León",2021-07-13,30.25,22.93,35.03
"1364","Oaxaca",2021-07-13,34.92,38.29,50
"1365","Puebla",2021-07-13,11.78,6.85,20.58
"1366","Querétaro",2021-07-13,14.78,3.26,36.36
"1367","Quintana Roo",2021-07-13,42.33,16.38,28.57
"1368","San Luis Potosí",2021-07-13,10.67,9.84,0
"1369","Sinaloa",2021-07-13,53.26,40.66,48.8
"1370","Sonora",2021-07-13,44.06,26.25,46.66
"1371","Tabasco",2021-07-13,23.44,35.05,46.29
"1372","Tamaulipas",2021-07-13,36.28,18.13,32.92
"1373","Tlaxcala",2021-07-13,11.84,10.97,0
"1374","Veracruz de Ignacio de La Llave",2021-07-13,31.18,24.22,40
"1375","Yucatán",2021-07-13,20.11,55.55,74.07
"1376","Zacatecas",2021-07-13,10.2,2.3,11.11
"1377","Aguascalientes",2021-07-14,23,8.97,26.66
"1378","Baja California",2021-07-14,20.57,13.24,13.51
"1379","Baja California Sur",2021-07-14,61.21,57.07,45.45
"1380","Campeche",2021-07-14,13.61,16.54,15.62
"1381","Chiapas",2021-07-14,10.64,8.99,2.12
"1382","Chihuahua",2021-07-14,11.59,7.36,15.62
"1383","Ciudad de México",2021-07-14,51.74,33.73,26.48
"1384","Coahuila de Zaragoza",2021-07-14,9.09,4.57,28.57
"1385","Colima",2021-07-14,27.27,22.41,100
"1386","Durango",2021-07-14,36.47,10.29,18.18
"1387","Guanajuato",2021-07-14,4.53,2.51,12.28
"1388","Guerrero",2021-07-14,39.47,16.93,24.59
"1389","Hidalgo",2021-07-14,34.4,13.93,50
"1390","Jalisco",2021-07-14,26.73,15.12,29.24
"1391","México",2021-07-14,30.48,19.96,41.05
"1392","Michoacán de Ocampo",2021-07-14,17,9.74,14.28
"1393","Morelos",2021-07-14,18.66,12.5,0
"1394","Nayarit",2021-07-14,43.1,22.36,0
"1395","Nuevo León",2021-07-14,35.4,28.92,48.06
"1396","Oaxaca",2021-07-14,34.84,39,50
"1397","Puebla",2021-07-14,11.61,6.85,23.94
"1398","Querétaro",2021-07-14,15.73,4.54,50
"1399","Quintana Roo",2021-07-14,41.98,18.13,39.53
"1400","San Luis Potosí",2021-07-14,11.01,7.4,0
"1401","Sinaloa",2021-07-14,51.13,47.13,51.85
"1402","Sonora",2021-07-14,43.86,25.38,45.65
"1403","Tabasco",2021-07-14,25.95,32.96,46.77
"1404","Tamaulipas",2021-07-14,35.09,19.41,33.68
"1405","Tlaxcala",2021-07-14,17.1,7.22,0
"1406","Veracruz de Ignacio de La Llave",2021-07-14,31.23,27.83,43.01
"1407","Yucatán",2021-07-14,21.3,59.11,80
"1408","Zacatecas",2021-07-14,8.91,2.3,11.11
"1409","Aguascalientes",2021-07-15,19.19,9.75,35
"1410","Baja California",2021-07-15,20.4,14.14,12.28
"1411","Baja California Sur",2021-07-15,58.06,56.19,54.54
"1412","Campeche",2021-07-15,10.67,14.06,3.84
"1413","Chiapas",2021-07-15,9.3,9.15,2.12
"1414","Chihuahua",2021-07-15,14.09,6.32,14.06
"1415","Ciudad de México",2021-07-15,52.82,39.25,33.51
"1416","Coahuila de Zaragoza",2021-07-15,9.84,2.64,28.57
"1417","Colima",2021-07-15,25.22,33.33,100
"1418","Durango",2021-07-15,30.68,12.5,21.87
"1419","Guanajuato",2021-07-15,5.21,2.96,10.52
"1420","Guerrero",2021-07-15,39.2,20.78,25.39
"1421","Hidalgo",2021-07-15,42.46,14.65,50
"1422","Jalisco",2021-07-15,29.87,17.42,24.75
"1423","México",2021-07-15,31.04,21.51,33.92
"1424","Michoacán de Ocampo",2021-07-15,19.37,10.36,31.25
"1425","Morelos",2021-07-15,18.26,12.19,0
"1426","Nayarit",2021-07-15,47,19.81,0
"1427","Nuevo León",2021-07-15,34.72,30.6,45.45
"1428","Oaxaca",2021-07-15,42.58,42.69,64.7
"1429","Puebla",2021-07-15,12.78,6.18,15.62
"1430","Querétaro",2021-07-15,16.95,6.66,59.09
"1431","Quintana Roo",2021-07-15,41.53,15.15,26.22
"1432","San Luis Potosí",2021-07-15,11.73,9.16,8
"1433","Sinaloa",2021-07-15,55.05,51.89,52.32
"1434","Sonora",2021-07-15,49,24.74,40
"1435","Tabasco",2021-07-15,28,34.13,42.62
"1436","Tamaulipas",2021-07-15,36.1,17.55,27.77
"1437","Tlaxcala",2021-07-15,21.21,10.81,0
"1438","Veracruz de Ignacio de La Llave",2021-07-15,36.67,25.39,49.45
"1439","Yucatán",2021-07-15,24.03,50,62.96
"1440","Zacatecas",2021-07-15,9.9,1.53,5.55
"1441","Aguascalientes",2021-07-16,17.02,8.04,35
"1442","Baja California",2021-07-16,22.51,15.68,18.91
"1443","Baja California Sur",2021-07-16,58.49,55.25,60
"1444","Campeche",2021-07-16,10.04,17.73,16.66
"1445","Chiapas",2021-07-16,9.06,8.59,2.12
"1446","Chihuahua",2021-07-16,12.76,7.64,15
"1447","Ciudad de México",2021-07-16,53.42,39.15,35.08
"1448","Coahuila de Zaragoza",2021-07-16,9.57,3.94,28.57
"1449","Colima",2021-07-16,28.71,35.55,100
"1450","Durango",2021-07-16,36.78,11.86,24
"1451","Guanajuato",2021-07-16,5.13,3.23,10.52
"1452","Guerrero",2021-07-16,40.27,20.1,24.61
"1453","Hidalgo",2021-07-16,45.31,14.06,6.66
"1454","Jalisco",2021-07-16,29.55,20.51,23.58
"1455","México",2021-07-16,32.1,22.86,33.92
"1456","Michoacán de Ocampo",2021-07-16,21.29,11.28,10
"1457","Morelos",2021-07-16,19.8,6,0
"1458","Nayarit",2021-07-16,40.27,33.33,0
"1459","Nuevo León",2021-07-16,41.02,33.05,46.77
"1460","Oaxaca",2021-07-16,45.28,36.95,60
"1461","Puebla",2021-07-16,20.8,11.42,30.76
"1462","Querétaro",2021-07-16,16.31,5.66,63.63
"1463","Quintana Roo",2021-07-16,42.2,18.05,29.09
"1464","San Luis Potosí",2021-07-16,11.58,11.67,12
"1465","Sinaloa",2021-07-16,53.92,46.3,54.02
"1466","Sonora",2021-07-16,44.16,24.13,36.73
"1467","Tabasco",2021-07-16,25.4,34.07,42.62
"1468","Tamaulipas",2021-07-16,38.91,20.1,30.66
"1469","Tlaxcala",2021-07-16,21.62,12.3,0
"1470","Veracruz de Ignacio de La Llave",2021-07-16,38.37,26.84,53.57
"1471","Yucatán",2021-07-16,23.76,48.52,67.85
"1472","Zacatecas",2021-07-16,15.46,3,15
"1473","Aguascalientes",2021-07-17,15.78,8.23,35
"1474","Baja California",2021-07-17,21.24,15.93,18.91
"1475","Baja California Sur",2021-07-17,60.81,55.21,50
"1476","Campeche",2021-07-17,10.04,16.78,16.12
"1477","Chiapas",2021-07-17,9.11,9.28,2.12
"1478","Chihuahua",2021-07-17,11.9,4.05,5.76
"1479","Ciudad de México",2021-07-17,53.92,37.63,33.1
"1480","Coahuila de Zaragoza",2021-07-17,12.19,6.61,60
"1481","Colima",2021-07-17,26.47,37.77,100
"1482","Durango",2021-07-17,35.8,14.08,18.75
"1483","Guanajuato",2021-07-17,5.88,2.79,10.52
"1484","Guerrero",2021-07-17,41.39,26.2,41.3
"1485","Hidalgo",2021-07-17,45.35,15.74,0
"1486","Jalisco",2021-07-17,30.55,25,28.38
"1487","México",2021-07-17,34,24.13,31.85
"1488","Michoacán de Ocampo",2021-07-17,21.21,15.15,35.71
"1489","Morelos",2021-07-17,18.84,7.14,0
"1490","Nayarit",2021-07-17,42.46,32.05,0
"1491","Nuevo León",2021-07-17,48.3,36.81,58.37
"1492","Oaxaca",2021-07-17,43.02,39.17,66.66
"1493","Puebla",2021-07-17,23.37,8.77,29.68
"1494","Querétaro",2021-07-17,16.66,7.69,63.63
"1495","Quintana Roo",2021-07-17,45.87,19.32,32.81
"1496","San Luis Potosí",2021-07-17,13.17,8.95,12
"1497","Sinaloa",2021-07-17,57.28,46.93,58.51
"1498","Sonora",2021-07-17,42.55,28.73,50
"1499","Tabasco",2021-07-17,25.3,27.41,38.55
"1500","Tamaulipas",2021-07-17,35.5,17.76,25.88
"1501","Tlaxcala",2021-07-17,19.44,13.63,0
"1502","Veracruz de Ignacio de La Llave",2021-07-17,38.12,25.36,49.49
"1503","Yucatán",2021-07-17,21.49,49.71,67.85
"1504","Zacatecas",2021-07-17,16.83,3.07,16.66
"1505","Aguascalientes",2021-07-18,23,8.53,30
"1506","Baja California",2021-07-18,24.27,15.68,18.91
"1507","Baja California Sur",2021-07-18,58.65,53.61,50
"1508","Campeche",2021-07-18,11.22,17.6,16.12
"1509","Chiapas",2021-07-18,7.54,11.42,2.12
"1510","Chihuahua",2021-07-18,10.56,12.57,15.62
"1511","Ciudad de México",2021-07-18,58.35,38.74,32
"1512","Coahuila de Zaragoza",2021-07-18,14.81,5.82,100
"1513","Colima",2021-07-18,26.59,33.33,0
"1514","Durango",2021-07-18,44,17.94,25
"1515","Guanajuato",2021-07-18,5.91,3.03,10.52
"1516","Guerrero",2021-07-18,42.89,28.1,48.88
"1517","Hidalgo",2021-07-18,47.76,18.58,5.55
"1518","Jalisco",2021-07-18,34.1,26.58,30.32
"1519","México",2021-07-18,24.08,15.54,42.85
"1520","Michoacán de Ocampo",2021-07-18,19.13,5,100
"1521","Morelos",2021-07-18,34.82,24.72,33.63
"1522","Nayarit",2021-07-18,48.68,33.78,0
"1523","Nuevo León",2021-07-18,41.22,37.27,48.43
"1524","Oaxaca",2021-07-18,44.44,28.8,25
"1525","Puebla",2021-07-18,24.43,8.38,33.84
"1526","Querétaro",2021-07-18,18.86,7.69,63.63
"1527","Quintana Roo",2021-07-18,47.94,21.77,46.66
"1528","San Luis Potosí",2021-07-18,11.52,5.26,15.38
"1529","Sinaloa",2021-07-18,62.46,46.63,58.69
"1530","Sonora",2021-07-18,40.25,29.78,46.51
"1531","Tabasco",2021-07-18,27.86,28.34,35.29
"1532","Tamaulipas",2021-07-18,34.86,19.89,33.33
"1533","Tlaxcala",2021-07-18,29.16,12.12,0
"1534","Veracruz de Ignacio de La Llave",2021-07-18,41.83,25.29,46.53
"1535","Yucatán",2021-07-18,21.16,47.42,68.96
"1536","Zacatecas",2021-07-18,18.18,4.61,16.66
"1537","Aguascalientes",2021-07-19,21.81,6.31,25
"1538","Baja California",2021-07-19,21.99,16.86,18.91
"1539","Baja California Sur",2021-07-19,57.5,54.34,0
"1540","Campeche",2021-07-19,9.93,17.93,16.66
"1541","Chiapas",2021-07-19,10.49,12.45,2.12
"1542","Chihuahua",2021-07-19,14.77,4.87,10.93
"1543","Ciudad de México",2021-07-19,59.42,47.56,44.12
"1544","Coahuila de Zaragoza",2021-07-19,14.01,3.28,28.57
"1545","Colima",2021-07-19,32.92,42.22,100
"1546","Durango",2021-07-19,48.75,18.91,29.41
"1547","Guanajuato",2021-07-19,6.85,2.76,8.92
"1548","Guerrero",2021-07-19,45.02,31.49,39.65
"1549","Hidalgo",2021-07-19,53.04,20.51,6.66
"1550","Jalisco",2021-07-19,35.36,26.41,30.5
"1551","México",2021-07-19,24.23,17.32,40.65
"1552","Michoacán de Ocampo",2021-07-19,20.28,2.89,46.66
"1553","Morelos",2021-07-19,36.11,24.8,0
"1554","Nayarit",2021-07-19,58.5,32,0
"1555","Nuevo León",2021-07-19,45.58,41.17,60.94
"1556","Oaxaca",2021-07-19,40.55,38.77,56.52
"1557","Puebla",2021-07-19,27.65,11.62,35.38
"1558","Querétaro",2021-07-19,22.53,9.79,68.18
"1559","Quintana Roo",2021-07-19,49.06,21.31,32.25
"1560","San Luis Potosí",2021-07-19,13.31,9.16,18.51
"1561","Sinaloa",2021-07-19,59.03,43.49,58.24
"1562","Sonora",2021-07-19,40.63,31.81,41.66
"1563","Tabasco",2021-07-19,25.26,32.16,36.14
"1564","Tamaulipas",2021-07-19,34.43,21.36,32.5
"1565","Tlaxcala",2021-07-19,34.72,10.6,0
"1566","Veracruz de Ignacio de La Llave",2021-07-19,44.98,31.2,58.97
"1567","Yucatán",2021-07-19,20.24,46.66,70
"1568","Zacatecas",2021-07-19,18.18,3.84,11.11
"1569","Aguascalientes",2021-07-20,23.63,6.25,15
"1570","Baja California",2021-07-20,16.95,19.1,18.91
"1571","Baja California Sur",2021-07-20,45.69,53.27,0
"1572","Campeche",2021-07-20,11.46,11.26,9.37
"1573","Chiapas",2021-07-20,10.47,12.54,2.12
"1574","Chihuahua",2021-07-20,17.9,8.07,15.62
"1575","Ciudad de México",2021-07-20,61.22,49.81,46.57
"1576","Coahuila de Zaragoza",2021-07-20,15.41,3.4,14.28
"1577","Colima",2021-07-20,41.93,44.44,100
"1578","Durango",2021-07-20,58.82,27.94,36.36
"1579","Guanajuato",2021-07-20,6.48,3.21,7.14
"1580","Guerrero",2021-07-20,51.87,38.55,36.2
"1581","Hidalgo",2021-07-20,55.19,22.93,11.76
"1582","Jalisco",2021-07-20,37.61,30.67,35.36
"1583","México",2021-07-20,35.84,31.22,60
"1584","Michoacán de Ocampo",2021-07-20,23.73,18.77,53.33
"1585","Morelos",2021-07-20,22.11,5.4,100
"1586","Nayarit",2021-07-20,55.55,37.17,0
"1587","Nuevo León",2021-07-20,49.71,45.07,59.3
"1588","Oaxaca",2021-07-20,42.94,40,52.17
"1589","Puebla",2021-07-20,29.17,13.33,37.31
"1590","Querétaro",2021-07-20,23.23,9.42,68.18
"1591","Quintana Roo",2021-07-20,47.86,20.42,30
"1592","San Luis Potosí",2021-07-20,13.29,10,15.38
"1593","Sinaloa",2021-07-20,57.12,46.98,59.57
"1594","Sonora",2021-07-20,43.31,31.73,40.9
"1595","Tabasco",2021-07-20,24.33,33.83,38.82
"1596","Tamaulipas",2021-07-20,37.13,22.22,40
"1597","Tlaxcala",2021-07-20,34.72,12.12,0
"1598","Veracruz de Ignacio de La Llave",2021-07-20,42.62,27.96,55.67
"1599","Yucatán",2021-07-20,20.11,48.04,72.41
"1600","Zacatecas",2021-07-20,26,3.87,11.11
"1601","Aguascalientes",2021-07-21,24.52,7.07,15
"1602","Baja California",2021-07-21,18.71,19.1,16.21
"1603","Baja California Sur",2021-07-21,45.65,50.23,0
"1604","Campeche",2021-07-21,9.83,12.58,13.33
"1605","Chiapas",2021-07-21,12.59,13.45,2.12
"1606","Chihuahua",2021-07-21,17.01,9.69,17.18
"1607","Ciudad de México",2021-07-21,63.21,49.88,48.1
"1608","Coahuila de Zaragoza",2021-07-21,16,4.1,28.57
"1609","Colima",2021-07-21,57.81,63.63,100
"1610","Durango",2021-07-21,70.83,32.75,59.37
"1611","Guanajuato",2021-07-21,8.23,3.48,8.92
"1612","Guerrero",2021-07-21,57.44,34.44,32.75
"1613","Hidalgo",2021-07-21,58.2,24.36,17.64
"1614","Jalisco",2021-07-21,38.71,25.75,32
"1615","México",2021-07-21,39.64,26.97,34.32
"1616","Michoacán de Ocampo",2021-07-21,27.6,18.04,54.54
"1617","Morelos",2021-07-21,21.13,7.31,0
"1618","Nayarit",2021-07-21,58.24,38.82,0
"1619","Nuevo León",2021-07-21,46.31,47.94,66.08
"1620","Oaxaca",2021-07-21,41.47,39.81,42.85
"1621","Puebla",2021-07-21,29.78,12.86,38.8
"1622","Querétaro",2021-07-21,24.91,10.56,68.18
"1623","Quintana Roo",2021-07-21,49.32,20.08,28.81
"1624","San Luis Potosí",2021-07-21,14.57,8.08,18.51
"1625","Sinaloa",2021-07-21,54.57,48.75,58.06
"1626","Sonora",2021-07-21,43.58,34.19,38.63
"1627","Tabasco",2021-07-21,25.55,31.84,36.36
"1628","Tamaulipas",2021-07-21,33.26,19.44,33.33
"1629","Tlaxcala",2021-07-21,33.8,9.52,0
"1630","Veracruz de Ignacio de La Llave",2021-07-21,47.53,28.93,51.64
"1631","Yucatán",2021-07-21,17.84,43.75,76
"1632","Zacatecas",2021-07-21,22,4.65,16.66
"1633","Aguascalientes",2021-07-22,25,6.18,25
"1634","Baja California",2021-07-22,18.33,18.36,16.21
"1635","Baja California Sur",2021-07-22,43.34,46.98,0
"1636","Campeche",2021-07-22,9.31,11.18,16.66
"1637","Chiapas",2021-07-22,18.93,13.7,14.58
"1638","Chihuahua",2021-07-22,16.58,11.58,19.67
"1639","Ciudad de México",2021-07-22,65.29,54.32,57.74
"1640","Coahuila de Zaragoza",2021-07-22,16.36,3.57,42.85
"1641","Colima",2021-07-22,63.79,73.68,100
"1642","Durango",2021-07-22,68,34.04,65.38
"1643","Guanajuato",2021-07-22,8.82,4.49,10.71
"1644","Guerrero",2021-07-22,64.73,34.25,43.93
"1645","Hidalgo",2021-07-22,56.98,28.81,66.66
"1646","Jalisco",2021-07-22,39.71,30.18,33.16
"1647","México",2021-07-22,28.25,20.19,60
"1648","Michoacán de Ocampo",2021-07-22,25.37,15.15,100
"1649","Morelos",2021-07-22,41.5,29.09,37.98
"1650","Nayarit",2021-07-22,55.32,39.02,0
"1651","Nuevo León",2021-07-22,52.22,46.65,65.04
"1652","Oaxaca",2021-07-22,42.71,41.37,50
"1653","Puebla",2021-07-22,28.84,12.92,45.94
"1654","Querétaro",2021-07-22,29.86,9.58,68.18
"1655","Quintana Roo",2021-07-22,49.72,18.22,27.11
"1656","San Luis Potosí",2021-07-22,19.5,5.6,32.35
"1657","Sinaloa",2021-07-22,54.94,53.12,61.29
"1658","Sonora",2021-07-22,45.61,36.8,41.3
"1659","Tabasco",2021-07-22,25.22,29.84,31.08
"1660","Tamaulipas",2021-07-22,35.3,24.77,45.16
"1661","Tlaxcala",2021-07-22,30.43,15,0
"1662","Veracruz de Ignacio de La Llave",2021-07-22,50.06,29.16,47.57
"1663","Yucatán",2021-07-22,17.8,47.25,80
"1664","Zacatecas",2021-07-22,27.45,4.68,16.66
"1665","Aguascalientes",2021-07-23,24.77,11.34,30
"1666","Baja California",2021-07-23,18.6,18.4,16.21
"1667","Baja California Sur",2021-07-23,40.82,47.1,50
"1668","Campeche",2021-07-23,10.56,10.34,16.12
"1669","Chiapas",2021-07-23,19.94,15.35,18.75
"1670","Chihuahua",2021-07-23,16.93,11.72,22.95
"1671","Ciudad de México",2021-07-23,64.91,54.36,52.8
"1672","Coahuila de Zaragoza",2021-07-23,16.79,5.67,40
"1673","Colima",2021-07-23,59.67,59.37,0
"1674","Durango",2021-07-23,69.23,33.33,75
"1675","Guanajuato",2021-07-23,10.28,4.76,20
"1676","Guerrero",2021-07-23,67.56,37.07,43.54
"1677","Hidalgo",2021-07-23,55.8,28.34,26.66
"1678","Jalisco",2021-07-23,38.87,34.1,38.07
"1679","México",2021-07-23,25.75,23.55,60
"1680","Michoacán de Ocampo",2021-07-23,26.86,12.12,0
"1681","Morelos",2021-07-23,42.44,26.95,48.1
"1682","Nayarit",2021-07-23,64.61,66.25,0
"1683","Nuevo León",2021-07-23,57.55,47.61,68.55
"1684","Oaxaca",2021-07-23,45.91,36.11,52.94
"1685","Puebla",2021-07-23,31.56,12.2,45.94
"1686","Querétaro",2021-07-23,29.07,11.52,77.77
"1687","Quintana Roo",2021-07-23,49.46,19.48,27.86
"1688","San Luis Potosí",2021-07-23,17.64,6.97,25.8
"1689","Sinaloa",2021-07-23,58.45,57.52,65.93
"1690","Sonora",2021-07-23,44.68,34.84,43.75
"1691","Tabasco",2021-07-23,24.68,33.67,30.98
"1692","Tamaulipas",2021-07-23,34.46,21.07,41.57
"1693","Tlaxcala",2021-07-23,30.98,16.94,0
"1694","Veracruz de Ignacio de La Llave",2021-07-23,51.63,34.24,56.7
"1695","Yucatán",2021-07-23,36.59,56.17,77.27
"1696","Zacatecas",2021-07-23,27.18,7.87,16.66
"1697","Aguascalientes",2021-07-24,24.56,11.82,47.61
"1698","Baja California",2021-07-24,29.51,21.42,16.66
"1699","Baja California Sur",2021-07-24,38.12,43.9,50
"1700","Campeche",2021-07-24,8.26,11.64,16.66
"1701","Chiapas",2021-07-24,21.01,14.01,18.75
"1702","Chihuahua",2021-07-24,15.91,15,25
"1703","Ciudad de México",2021-07-24,64.37,51.31,51.07
"1704","Coahuila de Zaragoza",2021-07-24,19.71,4.62,40
"1705","Colima",2021-07-24,67.24,71.87,0
"1706","Durango",2021-07-24,71.13,26.53,69.23
"1707","Guanajuato",2021-07-24,8.67,5.24,14.28
"1708","Guerrero",2021-07-24,70.58,37.98,58.69
"1709","Hidalgo",2021-07-24,57.81,36.13,20
"1710","Jalisco",2021-07-24,38.68,34.81,43.84
"1711","México",2021-07-24,42.36,28.88,44.26
"1712","Michoacán de Ocampo",2021-07-24,27.94,24.33,61.11
"1713","Morelos",2021-07-24,35.8,16.12,0
"1714","Nayarit",2021-07-24,63.76,56.98,0
"1715","Nuevo León",2021-07-24,53.52,48.39,65.91
"1716","Oaxaca",2021-07-24,44.14,51.54,63.63
"1717","Puebla",2021-07-24,33.5,13.01,46.66
"1718","Querétaro",2021-07-24,31.67,11.78,68.18
"1719","Quintana Roo",2021-07-24,50.54,19.35,27.41
"1720","San Luis Potosí",2021-07-24,27.51,7.08,32.35
"1721","Sinaloa",2021-07-24,57.95,54.98,63.15
"1722","Sonora",2021-07-24,48.9,38.98,53.12
"1723","Tabasco",2021-07-24,27.87,31.63,37.28
"1724","Tamaulipas",2021-07-24,33.26,23.23,41.33
"1725","Tlaxcala",2021-07-24,31.94,22.03,0
"1726","Veracruz de Ignacio de La Llave",2021-07-24,50.63,35.69,62.13
"1727","Yucatán",2021-07-24,17.54,48.9,77.27
"1728","Zacatecas",2021-07-24,32.03,7.93,16.66
"1729","Aguascalientes",2021-07-25,23.58,12.74,56.52
"1730","Baja California",2021-07-25,22.86,19.14,16.21
"1731","Baja California Sur",2021-07-25,39.14,41.6,40
"1732","Campeche",2021-07-25,9.14,10.88,21.87
"1733","Chiapas",2021-07-25,20.24,14.7,16.36
"1734","Chihuahua",2021-07-25,16.23,14.97,21.87
"1735","Ciudad de México",2021-07-25,64.5,46.52,36.97
"1736","Coahuila de Zaragoza",2021-07-25,22.93,6.66,40
"1737","Colima",2021-07-25,78.78,81.25,0
"1738","Durango",2021-07-25,72.44,28.57,54.16
"1739","Guanajuato",2021-07-25,9.79,4.21,14.28
"1740","Guerrero",2021-07-25,70.44,28.48,66.66
"1741","Hidalgo",2021-07-25,57.55,33.89,20
"1742","Jalisco",2021-07-25,45.49,36.78,51.38
"1743","México",2021-07-25,31.81,25.76,43.47
"1744","Michoacán de Ocampo",2021-07-25,39.87,13.95,100
"1745","Morelos",2021-07-25,45.4,27.95,37.5
"1746","Nayarit",2021-07-25,71.96,65.11,0
"1747","Nuevo León",2021-07-25,59.11,51.59,67.66
"1748","Oaxaca",2021-07-25,46,55.33,63.88
"1749","Puebla",2021-07-25,37.06,13.45,47.36
"1750","Querétaro",2021-07-25,33.21,12.75,68.18
"1751","Quintana Roo",2021-07-25,49.32,20.88,37.2
"1752","San Luis Potosí",2021-07-25,26.35,7.08,34.28
"1753","Sinaloa",2021-07-25,57.41,48.48,64.04
"1754","Sonora",2021-07-25,47.97,41.71,53.84
"1755","Tabasco",2021-07-25,26.98,28.35,28.73
"1756","Tamaulipas",2021-07-25,35.19,24.76,43.37
"1757","Tlaxcala",2021-07-25,38.02,22.03,0
"1758","Veracruz de Ignacio de La Llave",2021-07-25,54.36,40.17,60.34
"1759","Yucatán",2021-07-25,18.01,50,78.26
"1760","Zacatecas",2021-07-25,38.23,7.87,16.66
"1761","Aguascalientes",2021-07-26,27.52,13,52.17
"1762","Baja California",2021-07-26,18.37,18.57,35.29
"1763","Baja California Sur",2021-07-26,41.37,44.26,40
"1764","Campeche",2021-07-26,7.95,10.34,13.33
"1765","Chiapas",2021-07-26,20.61,15.58,18.75
"1766","Chihuahua",2021-07-26,18.09,14.19,24.61
"1767","Ciudad de México",2021-07-26,68.85,56.07,56.39
"1768","Coahuila de Zaragoza",2021-07-26,23.57,9.79,28.57
"1769","Colima",2021-07-26,65.55,86.36,100
"1770","Durango",2021-07-26,68.51,35.41,71.87
"1771","Guanajuato",2021-07-26,10.94,4.47,16.07
"1772","Guerrero",2021-07-26,64.9,37,40
"1773","Hidalgo",2021-07-26,57.65,35.39,33.33
"1774","Jalisco",2021-07-26,47.44,34.67,45.73
"1775","México",2021-07-26,30.48,28.36,62.5
"1776","Michoacán de Ocampo",2021-07-26,43.87,9.72,5.26
"1777","Morelos",2021-07-26,45.76,29.86,47.2
"1778","Nayarit",2021-07-26,75.41,54.71,0
"1779","Nuevo León",2021-07-26,61.29,57.66,76.34
"1780","Oaxaca",2021-07-26,42.36,60.19,73.52
"1781","Puebla",2021-07-26,39.48,16,48.05
"1782","Querétaro",2021-07-26,32.4,17.5,68.18
"1783","Quintana Roo",2021-07-26,51.9,19,25.39
"1784","San Luis Potosí",2021-07-26,29.31,8.69,28.88
"1785","Sinaloa",2021-07-26,59.15,55.25,71.59
"1786","Sonora",2021-07-26,51.08,42.56,47.5
"1787","Tabasco",2021-07-26,24.01,34.37,32.43
"1788","Tamaulipas",2021-07-26,35.7,25.22,36.26
"1789","Tlaxcala",2021-07-26,40,21.66,0
"1790","Veracruz de Ignacio de La Llave",2021-07-26,58.37,37.33,62.96
"1791","Yucatán",2021-07-26,17.08,51.95,79.16
"1792","Zacatecas",2021-07-26,38.38,10,22.22
"1793","Aguascalientes",2021-07-27,27.88,17.59,40
"1794","Baja California",2021-07-27,18.11,19.52,16.21
"1795","Baja California Sur",2021-07-27,34.04,46.28,0
"1796","Campeche",2021-07-27,8.84,10.07,13.33
"1797","Chiapas",2021-07-27,19.07,17.4,18.75
"1798","Chihuahua",2021-07-27,17.86,17.28,29.23
"1799","Ciudad de México",2021-07-27,73.09,66.53,74.82
"1800","Coahuila de Zaragoza",2021-07-27,25.44,8.57,28.57
"1801","Colima",2021-07-27,68.31,55.76,100
"1802","Durango",2021-07-27,66.05,39.02,69.23
"1803","Guanajuato",2021-07-27,10.18,5.11,18.96
"1804","Guerrero",2021-07-27,65.63,40.88,37.64
"1805","Hidalgo",2021-07-27,60.41,34.51,26.66
"1806","Jalisco",2021-07-27,49.29,38.3,48.69
"1807","México",2021-07-27,34.08,26.63,46.15
"1808","Michoacán de Ocampo",2021-07-27,46.87,20.68,5.26
"1809","Morelos",2021-07-27,48.92,30.87,40.84
"1810","Nayarit",2021-07-27,79.01,57,0
"1811","Nuevo León",2021-07-27,59.08,54.38,72.97
"1812","Oaxaca",2021-07-27,41.53,56.56,72.22
"1813","Puebla",2021-07-27,41.42,19.12,46.25
"1814","Querétaro",2021-07-27,35.46,18.18,68.18
"1815","Quintana Roo",2021-07-27,51.35,20.58,28.57
"1816","San Luis Potosí",2021-07-27,26.14,11.38,67.24
"1817","Sinaloa",2021-07-27,61.23,52.11,73.86
"1818","Sonora",2021-07-27,49.26,41.23,44.89
"1819","Tabasco",2021-07-27,23.49,23.65,37.2
"1820","Tamaulipas",2021-07-27,36.36,27.44,40.25
"1821","Tlaxcala",2021-07-27,30.43,21.87,0
"1822","Veracruz de Ignacio de La Llave",2021-07-27,56.57,33.98,59.4
"1823","Yucatán",2021-07-27,17.3,50.58,75
"1824","Zacatecas",2021-07-27,43.75,14.28,38.88
"1825","Aguascalientes",2021-07-28,26.21,17.43,36
"1826","Baja California",2021-07-28,19.16,20.94,16.21
"1827","Baja California Sur",2021-07-28,34.69,45.6,40
"1828","Campeche",2021-07-28,9.95,10.07,15.62
"1829","Chiapas",2021-07-28,17.67,17.45,18.75
"1830","Chihuahua",2021-07-28,16.78,16.44,29.82
"1831","Ciudad de México",2021-07-28,74.11,71.14,72.9
"1832","Coahuila de Zaragoza",2021-07-28,25.52,7.58,18.18
"1833","Colima",2021-07-28,75.53,69.81,100
"1834","Durango",2021-07-28,72,31.03,88.46
"1835","Guanajuato",2021-07-28,13.45,6.42,16.07
"1836","Guerrero",2021-07-28,68,44.27,53.57
"1837","Hidalgo",2021-07-28,59.67,38.46,26.66
"1838","Jalisco",2021-07-28,50.43,45,63.54
"1839","México",2021-07-28,35.43,26.92,61.53
"1840","Michoacán de Ocampo",2021-07-28,49.1,18.33,5.26
"1841","Morelos",2021-07-28,50.7,31.55,46.57
"1842","Nayarit",2021-07-28,82.88,62.22,0
"1843","Nuevo León",2021-07-28,61,58.07,72.06
"1844","Oaxaca",2021-07-28,42.52,56.43,76.19
"1845","Puebla",2021-07-28,44.07,20.43,43.83
"1846","Querétaro",2021-07-28,37.41,20.73,68.18
"1847","Quintana Roo",2021-07-28,52.51,21.18,30.15
"1848","San Luis Potosí",2021-07-28,32.99,14.75,36.66
"1849","Sinaloa",2021-07-28,60.55,52.3,72.52
"1850","Sonora",2021-07-28,56.16,46.11,44.73
"1851","Tabasco",2021-07-28,26.02,37.22,31.5
"1852","Tamaulipas",2021-07-28,34.87,28.37,43.82
"1853","Tlaxcala",2021-07-28,33.8,22.58,0
"1854","Veracruz de Ignacio de La Llave",2021-07-28,58.5,33.23,48.35
"1855","Yucatán",2021-07-28,17.86,50.58,75
"1856","Zacatecas",2021-07-28,34,12.4,44.44
"1857","Aguascalientes",2021-07-29,23.76,15.59,40
"1858","Baja California",2021-07-29,22.59,18.47,8.1
"1859","Baja California Sur",2021-07-29,39.58,45.71,40
"1860","Campeche",2021-07-29,8.93,10.71,10
"1861","Chiapas",2021-07-29,16.13,19.85,18.75
"1862","Chihuahua",2021-07-29,16.07,16.44,30.35
"1863","Ciudad de México",2021-07-29,75.45,67.52,77.32
"1864","Coahuila de Zaragoza",2021-07-29,24.65,9.72,45.45
"1865","Colima",2021-07-29,85,82.97,100
"1866","Durango",2021-07-29,65.89,46.15,97.05
"1867","Guanajuato",2021-07-29,12.99,7.5,30.9
"1868","Guerrero",2021-07-29,71.2,42.51,36.36
"1869","Hidalgo",2021-07-29,59.67,39.39,26.66
"1870","Jalisco",2021-07-29,53.22,42.04,54.58
"1871","México",2021-07-29,35.48,25.23,58.82
"1872","Michoacán de Ocampo",2021-07-29,50.29,17.54,5.26
"1873","Morelos",2021-07-29,53.37,31.45,55.28
"1874","Nayarit",2021-07-29,83.46,65.34,0
"1875","Nuevo León",2021-07-29,60.75,58.09,70.93
"1876","Oaxaca",2021-07-29,51.83,61.95,83.78
"1877","Puebla",2021-07-29,47.6,23.07,45.33
"1878","Querétaro",2021-07-29,38.67,21.33,68.18
"1879","Quintana Roo",2021-07-29,52.53,20.32,29.03
"1880","San Luis Potosí",2021-07-29,30.87,17.74,35.55
"1881","Sinaloa",2021-07-29,58.48,53.71,75.28
"1882","Sonora",2021-07-29,51.09,45.26,53.65
"1883","Tabasco",2021-07-29,30.64,34.93,39.62
"1884","Tamaulipas",2021-07-29,36.25,24.88,37.66
"1885","Tlaxcala",2021-07-29,34.72,30,0
"1886","Veracruz de Ignacio de La Llave",2021-07-29,63.26,31.38,45.88
"1887","Yucatán",2021-07-29,15.33,51.2,75
"1888","Zacatecas",2021-07-29,35,13.84,50
"1889","Aguascalientes",2021-07-30,24.32,13.17,23.07
"1890","Baja California",2021-07-30,21.02,19.12,10.81
"1891","Baja California Sur",2021-07-30,41.1,43.75,25
"1892","Campeche",2021-07-30,10.23,12.31,15.62
"1893","Chiapas",2021-07-30,15.28,20.65,13.33
"1894","Chihuahua",2021-07-30,17.78,16.98,29.23
"1895","Ciudad de México",2021-07-30,73.24,61.66,66.06
"1896","Coahuila de Zaragoza",2021-07-30,26.16,11.64,45.45
"1897","Colima",2021-07-30,86.66,90.47,100
"1898","Durango",2021-07-30,67.71,53.96,100
"1899","Guanajuato",2021-07-30,12.15,7.3,40
"1900","Guerrero",2021-07-30,72.29,44.09,38.88
"1901","Hidalgo",2021-07-30,62.77,40.6,26.66
"1902","Jalisco",2021-07-30,53.34,39.7,49.81
"1903","México",2021-07-30,39.73,25.24,61.11
"1904","Michoacán de Ocampo",2021-07-30,46.55,20.75,5.26
"1905","Morelos",2021-07-30,51.12,31.16,37.14
"1906","Nayarit",2021-07-30,75.09,69.44,0
"1907","Nuevo León",2021-07-30,62.24,60.31,72.13
"1908","Oaxaca",2021-07-30,53.3,64.13,86.48
"1909","Puebla",2021-07-30,55.27,17.67,43.42
"1910","Querétaro",2021-07-30,38.18,25.1,100
"1911","Quintana Roo",2021-07-30,51.12,20,30.64
"1912","San Luis Potosí",2021-07-30,28.8,29.6,43.24
"1913","Sinaloa",2021-07-30,58.86,56.69,81.39
"1914","Sonora",2021-07-30,47.26,43.39,40.81
"1915","Tabasco",2021-07-30,28.82,36.31,36.61
"1916","Tamaulipas",2021-07-30,37.31,22.76,36.17
"1917","Tlaxcala",2021-07-30,34.66,34.48,0
"1918","Veracruz de Ignacio de La Llave",2021-07-30,61.69,36.15,48.86
"1919","Yucatán",2021-07-30,17.5,52.22,69.56
"1920","Zacatecas",2021-07-30,34.65,15.5,61.11
"1921","Aguascalientes",2021-07-31,28.57,11.2,25.64
"1922","Baja California",2021-07-31,26.47,20.64,25
"1923","Baja California Sur",2021-07-31,37.95,45.01,25
"1924","Campeche",2021-07-31,8.99,10,10
"1925","Chiapas",2021-07-31,13.85,21.07,13.04
"1926","Chihuahua",2021-07-31,13.08,17.61,26.41
"1927","Ciudad de México",2021-07-31,75.62,66.92,81.36
"1928","Coahuila de Zaragoza",2021-07-31,29.1,11.96,50
"1929","Colima",2021-07-31,84.9,93.02,100
"1930","Durango",2021-07-31,71.92,54.23,100
"1931","Guanajuato",2021-07-31,14.76,7.53,36.84
"1932","Guerrero",2021-07-31,73.24,48.37,49.29
"1933","Hidalgo",2021-07-31,59.5,39,20
"1934","Jalisco",2021-07-31,53.2,41.2,52.05
"1935","México",2021-07-31,39.54,28.29,61.53
"1936","Michoacán de Ocampo",2021-07-31,48.29,22,5.26
"1937","Morelos",2021-07-31,49.49,37.32,37.62
"1938","Nayarit",2021-07-31,72.82,65.42,0
"1939","Nuevo León",2021-07-31,65.01,58.36,78.21
"1940","Oaxaca",2021-07-31,57.21,66.29,97.05
"1941","Puebla",2021-07-31,60.07,20.64,50.7
"1942","Querétaro",2021-07-31,40.31,22.59,68.18
"1943","Quintana Roo",2021-07-31,50.56,20.24,41.86
"1944","San Luis Potosí",2021-07-31,26.86,26.82,51.21
"1945","Sinaloa",2021-07-31,59.5,55.67,83.9
"1946","Sonora",2021-07-31,50.12,42.22,50
"1947","Tabasco",2021-07-31,32.57,30.72,43.07
"1948","Tamaulipas",2021-07-31,37.84,22.79,41.97
"1949","Tlaxcala",2021-07-31,36.11,36.66,0
"1950","Veracruz de Ignacio de La Llave",2021-07-31,57.66,34.61,55.96
"1951","Yucatán",2021-07-31,16.29,49.42,69.56
"1952","Zacatecas",2021-07-31,43.51,16.1,66.66
"1953","Aguascalientes",2021-08-01,32.45,15.57,32.43
"1954","Baja California",2021-08-01,25.13,19.54,23.52
"1955","Baja California Sur",2021-08-01,36.99,43.77,25
"1956","Campeche",2021-08-01,11.31,9.92,12.9
"1957","Chiapas",2021-08-01,13.65,18.31,6.97
"1958","Chihuahua",2021-08-01,17.24,19.23,31.57
"1959","Ciudad de México",2021-08-01,75.81,55.97,48.55
"1960","Coahuila de Zaragoza",2021-08-01,33.49,12.06,44.44
"1961","Colima",2021-08-01,95.09,95.23,100
"1962","Durango",2021-08-01,72.26,59.32,100
"1963","Guanajuato",2021-08-01,15.5,7.26,39.28
"1964","Guerrero",2021-08-01,71.06,44.84,46.96
"1965","Hidalgo",2021-08-01,59.17,43.26,33.33
"1966","Jalisco",2021-08-01,55.93,44.19,54.64
"1967","México",2021-08-01,43.47,26.41,65
"1968","Michoacán de Ocampo",2021-08-01,56.14,38.7,100
"1969","Morelos",2021-08-01,53.36,39.94,50
"1970","Nayarit",2021-08-01,74.03,68.57,50
"1971","Nuevo León",2021-08-01,68.87,61.49,76.89
"1972","Oaxaca",2021-08-01,61,64.58,91.89
"1973","Puebla",2021-08-01,61.14,23.11,51.89
"1974","Querétaro",2021-08-01,41.38,24.06,65
"1975","Quintana Roo",2021-08-01,48.16,23.07,45.45
"1976","San Luis Potosí",2021-08-01,36.51,34.32,55.81
"1977","Sinaloa",2021-08-01,57.56,60.07,83.69
"1978","Sonora",2021-08-01,57.42,44.18,56.25
"1979","Tabasco",2021-08-01,28.3,38.02,34.66
"1980","Tamaulipas",2021-08-01,38.23,24.87,44.31
"1981","Tlaxcala",2021-08-01,40.27,32.78,0
"1982","Veracruz de Ignacio de La Llave",2021-08-01,62.06,35.08,57.65
"1983","Yucatán",2021-08-01,16.94,47.09,66.66
"1984","Zacatecas",2021-08-01,45.45,18.25,72.22
"1985","Aguascalientes",2021-08-02,44.14,19.51,41.02
"1986","Baja California",2021-08-02,19.77,18.21,5.55
"1987","Baja California Sur",2021-08-02,35.31,45.49,25
"1988","Campeche",2021-08-02,11.35,7.14,6.25
"1989","Chiapas",2021-08-02,22.52,16.72,18.36
"1990","Chihuahua",2021-08-02,19.21,18.63,27.69
"1991","Ciudad de México",2021-08-02,76.05,68.9,76.81
"1992","Coahuila de Zaragoza",2021-08-02,31.38,13.72,21.73
"1993","Colima",2021-08-02,95.68,97.29,100
"1994","Durango",2021-08-02,80.8,72.85,100
"1995","Guanajuato",2021-08-02,15.19,7.45,42.3
"1996","Guerrero",2021-08-02,70.64,46.51,40.96
"1997","Hidalgo",2021-08-02,61.44,45.16,50
"1998","Jalisco",2021-08-02,56.27,46.37,53.84
"1999","México",2021-08-02,42.24,27.4,63.15
"2000","Michoacán de Ocampo",2021-08-02,46.51,17.91,4.34
"2001","Morelos",2021-08-02,56.02,40.05,48.97
"2002","Nayarit",2021-08-02,72.72,70.17,100
"2003","Nuevo León",2021-08-02,65.32,65.2,75.71
"2004","Oaxaca",2021-08-02,58.24,63.3,88.37
"2005","Puebla",2021-08-02,61.02,23.17,50
"2006","Querétaro",2021-08-02,42.1,24.19,65
"2007","Quintana Roo",2021-08-02,49.44,20.46,30.15
"2008","San Luis Potosí",2021-08-02,37.21,29.5,45.28
"2009","Sinaloa",2021-08-02,57.7,57.81,78.12
"2010","Sonora",2021-08-02,52.81,39.59,41.3
"2011","Tabasco",2021-08-02,29.46,38.37,31.5
"2012","Tamaulipas",2021-08-02,39.12,27.02,44.44
"2013","Tlaxcala",2021-08-02,43.05,35.59,0
"2014","Veracruz de Ignacio de La Llave",2021-08-02,62.27,38.52,51.64
"2015","Yucatán",2021-08-02,17.07,44.5,62.5
"2016","Zacatecas",2021-08-02,47.52,21.42,94.44
"2017","Aguascalientes",2021-08-03,43.75,18.54,35.89
"2018","Baja California",2021-08-03,21.22,16.98,8.1
"2019","Baja California Sur",2021-08-03,31.19,42.92,0
"2020","Campeche",2021-08-03,14.8,6.81,6.25
"2021","Chiapas",2021-08-03,23.71,17.89,32.2
"2022","Chihuahua",2021-08-03,18.85,16.98,29.23
"2023","Ciudad de México",2021-08-03,75.96,67.7,74.24
"2024","Coahuila de Zaragoza",2021-08-03,34.85,10,45.45
"2025","Colima",2021-08-03,90.82,73.21,100
"2026","Durango",2021-08-03,78.23,51.31,100
"2027","Guanajuato",2021-08-03,16.11,7.54,46.42
"2028","Guerrero",2021-08-03,76.5,50.98,45
"2029","Hidalgo",2021-08-03,64.88,44.77,52.94
"2030","Jalisco",2021-08-03,56.26,44.59,56.17
"2031","México",2021-08-03,45.96,25,68.42
"2032","Michoacán de Ocampo",2021-08-03,48.09,15.62,25
"2033","Morelos",2021-08-03,56.2,38.87,50.68
"2034","Nayarit",2021-08-03,70.9,72.22,100
"2035","Nuevo León",2021-08-03,64.57,66.6,78.1
"2036","Oaxaca",2021-08-03,53.92,59.48,91.11
"2037","Puebla",2021-08-03,63.19,23.7,50.61
"2038","Querétaro",2021-08-03,42.94,25.51,90
"2039","Quintana Roo",2021-08-03,51.21,20.62,32.81
"2040","San Luis Potosí",2021-08-03,40.92,26.77,50
"2041","Sinaloa",2021-08-03,59.72,54.45,82.41
"2042","Sonora",2021-08-03,52,42.28,47.91
"2043","Tabasco",2021-08-03,31.66,37.5,34.21
"2044","Tamaulipas",2021-08-03,35.45,26.94,42.57
"2045","Tlaxcala",2021-08-03,38.02,33.33,0
"2046","Veracruz de Ignacio de La Llave",2021-08-03,62.77,41.69,41.83
"2047","Yucatán",2021-08-03,16.81,43.01,56
"2048","Zacatecas",2021-08-03,50.49,24.59,88.88
"2049","Aguascalientes",2021-08-04,49.15,22.22,46.15
"2050","Baja California",2021-08-04,22.67,18.6,8.1
"2051","Baja California Sur",2021-08-04,26.68,45.9,0
"2052","Campeche",2021-08-04,15.59,10.6,3.33
"2053","Chiapas",2021-08-04,24.93,19.71,30.5
"2054","Chihuahua",2021-08-04,19.66,18,31.48
"2055","Ciudad de México",2021-08-04,77.63,69.31,78.86
"2056","Coahuila de Zaragoza",2021-08-04,33.1,11.39,36.36
"2057","Colima",2021-08-04,90.9,80.35,100
"2058","Durango",2021-08-04,74.8,55.78,97.36
"2059","Guanajuato",2021-08-04,19.43,7.58,40.38
"2060","Guerrero",2021-08-04,76.44,45.89,46.25
"2061","Hidalgo",2021-08-04,65.81,48.88,38.46
"2062","Jalisco",2021-08-04,56.6,49.62,55.43
"2063","Michoacán de Ocampo",2021-08-04,47.48,28.25,81.25
"2064","Morelos",2021-08-04,50,15.62,21.73
"2065","México",2021-08-04,59.99,41.62,50.34
"2066","Nayarit",2021-08-04,71.03,69.07,100
"2067","Nuevo León",2021-08-04,68.38,68.13,78.74
"2068","Oaxaca",2021-08-04,58.21,53.6,87.23
"2069","Puebla",2021-08-04,64.61,25.56,55.17
"2070","Querétaro",2021-08-04,43.61,24.69,90
"2071","Quintana Roo",2021-08-04,51.88,22.04,30.15
"2072","San Luis Potosí",2021-08-04,41.99,24.65,58.13
"2073","Sinaloa",2021-08-04,59.07,56.53,81.81
"2074","Sonora",2021-08-04,52.53,41.7,52.27
"2075","Tabasco",2021-08-04,32.79,44.89,41.02
"2076","Tamaulipas",2021-08-04,39.02,31.64,48.57
"2077","Tlaxcala",2021-08-04,49.25,37.09,0
"2078","Veracruz de Ignacio de La Llave",2021-08-04,65.42,41.37,48.51
"2079","Yucatán",2021-08-04,17.82,40.67,52
"2080","Zacatecas",2021-08-04,49.5,24.8,83.33
